"visit_date","nb_visiteurs","nb_visites","pct_femmes","age_moyen","duree_moyenne_minutes","duree_mediane_minutes","nb_espaces_actifs","nb_nouveaux_usagers","heure_arrivee_moyenne","nb_arrivees_matin","nb_arrivees_aprem","annee","mois","mois_label","jour_mois","jour_annee","semaine","trimestre","jour_semaine","jour_semaine_num","est_weekend","est_lundi","est_vendredi","est_debut_mois","est_fin_mois","est_milieu_mois","mois_sin","mois_cos","jour_semaine_sin","jour_semaine_cos","jour_annee_sin","jour_annee_cos","tendance","est_jour_ferie","jours_depuis_ferie","jours_avant_ferie","est_vacances","nb_visiteurs_lag1","nb_visiteurs_lag7","nb_visiteurs_lag14","nb_visiteurs_lag30","nb_visiteurs_ma7","nb_visiteurs_ma14","nb_visiteurs_ma30","nb_visiteurs_sd7","croissance_vs_lag7","ecart_vs_ma7"
2025-04-16,121,124,21.7741935483871,24.8790322580645,235.483870967742,167,11,67,15.6197580645161,27,97,2025,4,"avril",16,106,16,2,"mercredi",4,FALSE,FALSE,FALSE,FALSE,FALSE,TRUE,0.866025403784439,-0.5,-0.433883739117558,-0.900968867902419,0.967937783024064,-0.251190063884819,7,FALSE,96,5,FALSE,67,79,NA,NA,81.2857142857143,NA,NA,41.0922307568162,52.5,39.7142857142857
2025-04-17,81,83,15.6626506024096,23.6746987951807,268.578313253012,208,11,33,14.6748995983936,20,63,2025,4,"avril",17,107,16,2,"jeudi",5,FALSE,FALSE,FALSE,FALSE,FALSE,TRUE,0.866025403784439,-0.5,-0.974927912181824,-0.222520933956315,0.963470548564149,-0.267814305162174,8,FALSE,97,4,FALSE,121,92,NA,NA,79.7142857142857,NA,NA,40.8236626060356,-11.8279569892473,1.28571428571429
2025-04-18,121,126,28.5714285714286,23.4444444444444,245.436507936508,176,13,48,14.8621693121693,23,103,2025,4,"avril",18,108,16,2,"vendredi",6,FALSE,FALSE,TRUE,FALSE,FALSE,TRUE,0.866025403784439,-0.5,-0.78183148246803,0.623489801858733,0.958717816987296,-0.284359187281003,9,FALSE,98,3,FALSE,81,103,NA,NA,82.2857142857143,NA,NA,43.0415082051202,17.3076923076923,38.7142857142857
2025-04-19,89,91,27.4725274725275,22.7472527472527,332.516483516484,270,12,44,13.4754578754579,40,51,2025,4,"avril",19,109,16,2,"samedi",7,TRUE,FALSE,FALSE,FALSE,FALSE,TRUE,0.866025403784439,-0.5,-0.000000000000000244921270764475,1,0.953680996630446,-0.300819807635667,10,FALSE,99,2,FALSE,121,114,NA,NA,78.7142857142857,NA,NA,40.9581668116559,-21.7391304347826,10.2857142857143
2025-04-20,0,0,NA,NA,NA,NA,0,0,NA,NA,NA,2025,4,"avril",20,110,16,2,"dimanche",1,TRUE,FALSE,FALSE,FALSE,FALSE,TRUE,0.866025403784439,-0.5,0.78183148246803,0.623489801858734,0.948361580012172,-0.317191288589106,11,FALSE,100,1,FALSE,89,0,NA,NA,78.7142857142857,NA,NA,40.9581668116559,0,-78.7142857142857
2025-04-21,0,0,NA,NA,NA,NA,0,0,NA,NA,NA,2025,4,"avril",21,111,16,2,"lundi",2,FALSE,TRUE,FALSE,FALSE,FALSE,FALSE,0.866025403784439,-0.5,0.974927912181824,-0.222520933956314,0.942761143390421,-0.333468778918187,12,TRUE,101,10,FALSE,0,72,NA,NA,68.4285714285714,NA,NA,50.7866686669417,-98.6301369863014,-68.4285714285714
2025-04-22,65,67,20.8955223880597,23.3582089552239,247.835820895522,192,13,19,13.121144278607,36,31,2025,4,"avril",22,112,16,2,"mardi",3,FALSE,FALSE,FALSE,FALSE,FALSE,FALSE,0.866025403784439,-0.5,0.433883739117558,-0.900968867902419,0.936881346295432,-0.349647455251228,13,FALSE,1,9,FALSE,0,67,NA,NA,68.1428571428571,71.7142857142857,NA,50.8016685140313,-2.94117647058824,-3.14285714285714
2025-04-23,92,94,22.3404255319149,25.436170212766,262.329787234043,217.5,13,44,13.9152482269504,27,67,2025,4,"avril",23,113,17,2,"mercredi",4,FALSE,FALSE,FALSE,FALSE,FALSE,FALSE,0.866025403784439,-0.5,-0.433883739117558,-0.900968867902419,0.930723931037979,-0.365722523497269,14,FALSE,2,8,FALSE,65,121,79,NA,64,72.6428571428571,NA,46.7974358271904,-23.7704918032787,28
2025-04-24,73,74,29.7297297297297,24.7972972972973,279.202702702703,210,13,17,13.8619369369369,28,46,2025,4,"avril",24,114,17,2,"jeudi",5,FALSE,FALSE,FALSE,FALSE,FALSE,FALSE,0.866025403784439,-0.5,-0.974927912181824,-0.222520933956315,0.924290722193093,-0.381689220266659,15,FALSE,3,7,FALSE,92,81,92,NA,62.8571428571429,71.2857142857143,NA,46.4091534485334,-9.75609756097561,10.1428571428571
2025-04-25,175,180,26.6666666666667,24.3777777777778,252.055555555556,211,15,85,15.2216666666667,44,136,2025,4,"avril",25,115,17,2,"vendredi",6,FALSE,FALSE,TRUE,FALSE,TRUE,FALSE,0.866025403784439,-0.5,-0.78183148246803,0.623489801858733,0.917583626059394,-0.397542814282556,16,FALSE,4,6,FALSE,73,121,103,NA,70.5714285714286,76.4285714285714,NA,60.1411039219632,44.2622950819672,104.428571428571
2025-04-26,33,33,21.2121212121212,23.5757575757576,707.575757575758,779,8,18,11.1383838383838,24,9,2025,4,"avril",26,116,17,2,"samedi",7,TRUE,FALSE,FALSE,FALSE,TRUE,FALSE,0.866025403784439,-0.5,-0.000000000000000244921270764475,1,0.910604630094216,-0.413278607782904,17,FALSE,5,5,FALSE,175,89,114,NA,62.5714285714286,70.6428571428571,NA,60.9996096786888,-62.2222222222222,-29.5714285714286
2025-04-27,0,0,NA,NA,NA,NA,0,0,NA,NA,NA,2025,4,"avril",27,117,17,2,"dimanche",1,TRUE,FALSE,FALSE,FALSE,TRUE,FALSE,0.866025403784439,-0.5,0.78183148246803,0.623489801858734,0.903355802324684,-0.428891937912483,18,FALSE,6,4,FALSE,33,0,0,NA,62.5714285714286,70.6428571428571,NA,60.9996096786888,0,-62.5714285714286
2025-04-28,52,55,20,23.7090909090909,276.981818181818,243,9,11,12.380303030303,29,26,2025,4,"avril",28,118,17,2,"lundi",2,FALSE,TRUE,FALSE,FALSE,TRUE,FALSE,0.866025403784439,-0.5,0.974927912181824,-0.222520933956314,0.895839290734909,-0.444378178104613,19,FALSE,7,3,FALSE,0,0,72,NA,70,69.2142857142857,NA,54.9787837867178,5200,-18
2025-04-29,54,54,20.3703703703704,25.1296296296296,246.111111111111,194.5,9,16,12.9231481481481,25,29,2025,4,"avril",29,119,17,2,"mardi",3,FALSE,FALSE,FALSE,FALSE,TRUE,FALSE,0.866025403784439,-0.5,0.433883739117558,-0.900968867902419,0.888057322629493,-0.459732739452104,20,FALSE,8,2,FALSE,52,65,67,NA,68.4285714285714,68.2857142857143,NA,55.3017695402752,-16.6666666666667,-14.4285714285714
2025-04-30,93,94,17.0212765957447,24.2340425531915,271.851063829787,211,11,22,13.5858156028369,39,55,2025,4,"avril",30,120,18,2,"mercredi",4,FALSE,FALSE,FALSE,FALSE,TRUE,FALSE,0.866025403784439,-0.5,-0.433883739117558,-0.900968867902419,0.880012203973536,-0.47495107206705,21,FALSE,9,1,FALSE,54,92,121,NA,68.5714285714286,66.2857142857143,NA,55.374052716825,1.0752688172043,24.4285714285714
2025-05-01,42,42,23.8095238095238,23.4047619047619,285.238095238095,255.5,8,21,12.7134920634921,20,22,2025,5,"mai",1,121,18,2,"jeudi",5,FALSE,FALSE,FALSE,TRUE,FALSE,FALSE,0.5,-0.866025403784439,-0.974927912181824,-0.222520933956315,0.871706318709322,-0.490028666429059,22,TRUE,10,28,FALSE,93,73,81,NA,64.1428571428571,63.5,NA,56.1943905012727,-41.8918918918919,-22.1428571428571
2025-05-02,62,62,16.1290322580645,22.8709677419355,329.774193548387,274,11,17,13.8069892473118,25,37,2025,5,"mai",2,122,18,2,"vendredi",6,FALSE,FALSE,TRUE,TRUE,FALSE,FALSE,0.5,-0.866025403784439,-0.78183148246803,0.623489801858733,0.863142128049911,-0.50496105472152,23,FALSE,1,27,FALSE,42,175,121,NA,48,59.2857142857143,NA,28.3960091092628,-64.2045454545455,14
2025-05-03,82,82,17.0731707317073,23.9024390243902,212.512195121951,131.5,10,34,13.750406504065,33,49,2025,5,"mai",3,123,18,2,"samedi",7,TRUE,FALSE,FALSE,TRUE,FALSE,FALSE,0.5,-0.866025403784439,-0.000000000000000244921270764475,1,0.854322169749827,-0.519743812155515,24,FALSE,2,26,FALSE,62,33,89,NA,55,58.7857142857143,NA,30.0721354967241,144.117647058824,27
2025-05-04,0,0,NA,NA,NA,NA,0,0,NA,NA,NA,2025,5,"mai",4,124,18,2,"dimanche",1,TRUE,FALSE,FALSE,TRUE,FALSE,FALSE,0.5,-0.866025403784439,0.78183148246803,0.623489801858734,0.845249057353063,-0.534372558280979,25,FALSE,3,25,FALSE,82,0,0,NA,55,58.7857142857143,NA,30.0721354967241,0,-55
2025-05-05,70,70,30,23.2571428571429,279.057142857143,249.5,12,20,13.3019047619048,33,37,2025,5,"mai",5,125,18,2,"lundi",2,FALSE,TRUE,FALSE,TRUE,FALSE,FALSE,0.5,-0.866025403784439,0.974927912181824,-0.222520933956314,0.835925479418637,-0.548842958284719,26,FALSE,4,24,FALSE,0,52,0,NA,57.5714285714286,63.7857142857143,NA,30.538812151409,33.9622641509434,12.4285714285714
2025-05-06,72,73,30.1369863013699,23.8904109589041,301.13698630137,257,11,23,13.0230593607306,35,38,2025,5,"mai",6,126,18,2,"mardi",3,FALSE,FALSE,FALSE,FALSE,FALSE,FALSE,0.5,-0.866025403784439,0.433883739117558,-0.900968867902419,0.82635419872391,-0.563150724274919,27,FALSE,5,23,FALSE,70,54,65,NA,60.1428571428571,64.2857142857143,NA,30.94311216533,32.7272727272727,11.8571428571429
2025-05-07,75,75,25.3333333333333,24.3733333333333,250.813333333333,216,10,35,14.3511111111111,22,53,2025,5,"mai",7,127,19,2,"mercredi",4,FALSE,FALSE,FALSE,FALSE,FALSE,FALSE,0.5,-0.866025403784439,-0.433883739117558,-0.900968867902419,0.816538051445916,-0.577291616551727,28,FALSE,6,22,FALSE,72,93,92,NA,57.5714285714286,63.0714285714286,NA,28.401039551732,-19.1489361702128,17.4285714285714
2025-05-08,80,81,22.2222222222222,22.9012345679012,343.160493827161,250,12,25,13.3413580246914,33,48,2025,5,"mai",8,128,19,2,"jeudi",5,FALSE,FALSE,FALSE,FALSE,FALSE,FALSE,0.5,-0.866025403784439,-0.974927912181824,-0.222520933956315,0.806479946320945,-0.591261444863578,29,FALSE,7,21,FALSE,75,42,73,NA,63,63.5714285714286,68.6333333333333,28.559878617856,88.3720930232558,17
2025-05-09,83,84,23.8095238095238,23.547619047619,286.845238095238,271.5,10,16,13.8007936507937,29,55,2025,5,"mai",9,129,19,2,"vendredi",6,FALSE,FALSE,TRUE,FALSE,FALSE,FALSE,0.5,-0.866025403784439,-0.78183148246803,0.623489801858733,0.796182863782616,-0.605056069648849,30,FALSE,8,20,FALSE,80,62,175,79,66,57,68.7666666666667,29.5240015354739,33.3333333333333,17
2025-05-10,79,80,21.25,23.825,291.35,213.5,11,23,12.691875,44,36,2025,5,"mai",10,130,19,2,"samedi",7,TRUE,FALSE,FALSE,FALSE,FALSE,TRUE,0.5,-0.866025403784439,-0.000000000000000244921270764475,1,0.785649855078715,-0.618671403262503,31,FALSE,9,19,FALSE,83,82,33,92,65.5714285714286,60.2857142857143,68.3333333333333,29.2737490074705,-3.6144578313253,13.4285714285714
2025-05-11,0,0,NA,NA,NA,NA,0,0,NA,NA,NA,2025,5,"mai",11,131,19,2,"dimanche",1,TRUE,FALSE,FALSE,FALSE,FALSE,TRUE,0.5,-0.866025403784439,0.78183148246803,0.623489801858734,0.774884041367041,-0.632103411187349,32,FALSE,10,18,FALSE,79,0,0,103,65.5714285714286,60.2857142857143,64.9,29.2737490074705,0,-65.5714285714286
2025-05-12,49,50,28,23.72,361.04,311,11,8,12.922,26,24,2025,5,"mai",12,132,19,2,"lundi",2,FALSE,TRUE,FALSE,FALSE,FALSE,TRUE,0.5,-0.866025403784439,0.974927912181824,-0.222520933956314,0.763888612790543,-0.64534811322955,33,FALSE,11,17,FALSE,0,70,52,114,62.5714285714286,60.0714285714286,62.7333333333333,29.8153044752587,-29.5774647887324,-13.5714285714286
2025-05-13,57,57,28.0701754385965,24.9473684210526,279.333333333333,220,9,17,13.1119883040936,25,32,2025,5,"mai",13,133,19,2,"mardi",3,FALSE,FALSE,FALSE,FALSE,FALSE,TRUE,0.5,-0.866025403784439,0.433883739117558,-0.900968867902419,0.752666827532008,-0.658401584698049,34,FALSE,12,16,FALSE,49,72,54,0,60.4285714285714,60.2857142857143,64.6333333333333,29.5626856180622,-20.5479452054795,-3.42857142857143
2025-05-14,80,80,31.25,24.4625,343.025,330.5,9,24,14.2445833333333,28,52,2025,5,"mai",14,134,20,2,"mercredi",4,FALSE,FALSE,FALSE,FALSE,FALSE,TRUE,0.5,-0.866025403784439,-0.433883739117558,-0.900968867902419,0.741222010848596,-0.671259957567531,35,FALSE,13,15,FALSE,57,75,93,72,61.1428571428571,59.3571428571429,64.9,30.0301435862289,6.57894736842105,18.8571428571429
2025-05-15,72,72,23.6111111111111,22.8333333333333,524.388888888889,546,10,17,12.6800925925926,42,30,2025,5,"mai",15,135,20,2,"jeudi",5,FALSE,FALSE,FALSE,FALSE,FALSE,TRUE,0.5,-0.866025403784439,-0.974927912181824,-0.222520933956315,0.729557554086487,-0.683919421624611,36,FALSE,14,14,FALSE,80,80,42,67,60,61.5,65.0666666666667,29.3371209675842,-9.87654320987654,12
2025-05-16,89,89,17.9775280898876,24.8202247191011,289.280898876404,218,13,30,14.3286516853933,26,63,2025,5,"mai",16,136,20,2,"vendredi",6,FALSE,FALSE,TRUE,FALSE,FALSE,TRUE,0.5,-0.866025403784439,-0.78183148246803,0.623489801858733,0.717676913675962,-0.696376225596872,37,FALSE,15,13,FALSE,72,83,62,121,60.8571428571429,63.4285714285714,64,30.1961839279324,7.14285714285714,28.1428571428571
2025-05-17,86,86,33.7209302325581,25.6627906976744,349.837209302326,366,10,36,12.2374031007752,53,33,2025,5,"mai",17,137,20,2,"samedi",7,TRUE,FALSE,FALSE,FALSE,FALSE,TRUE,0.5,-0.866025403784439,-0.000000000000000244921270764475,1,0.705583610107178,-0.70862667826446,38,FALSE,16,12,FALSE,89,79,82,81,61.8571428571429,63.7142857142857,64.1666666666667,31.0023040618412,8.75,24.1428571428571
2025-05-18,0,0,NA,NA,NA,NA,0,0,NA,NA,NA,2025,5,"mai",18,138,20,2,"dimanche",1,TRUE,FALSE,FALSE,FALSE,FALSE,TRUE,0.5,-0.866025403784439,0.78183148246803,0.623489801858734,0.693281226886978,-0.720667149553861,39,FALSE,17,11,FALSE,86,0,0,121,61.8571428571429,63.7142857142857,60.1333333333333,31.0023040618412,0,-61.8571428571429
2025-05-19,52,53,37.7358490566038,24.2264150943396,347.867924528302,270,10,16,12.3789308176101,24,29,2025,5,"mai",19,139,20,2,"lundi",2,FALSE,TRUE,FALSE,FALSE,FALSE,TRUE,0.5,-0.866025403784439,0.974927912181824,-0.222520933956314,0.680773409477016,-0.732494071613579,40,FALSE,18,10,FALSE,0,49,70,89,62.2857142857143,62.4285714285714,58.9,30.8151168839488,6,-10.2857142857143
2025-05-20,67,68,27.9411764705882,24.9264705882353,273.985294117647,231,9,17,12.5046568627451,31,37,2025,5,"mai",20,140,20,2,"mardi",3,FALSE,FALSE,FALSE,FALSE,FALSE,TRUE,0.5,-0.866025403784439,0.433883739117558,-0.900968867902419,0.668063864213533,-0.744103939871361,41,FALSE,19,9,FALSE,52,57,72,0,63.7142857142857,62.0714285714286,61.1333333333333,30.7609833269045,17.2413793103448,3.28571428571428
2025-05-21,87,88,22.7272727272727,23.9318181818182,312.897727272727,266,12,21,13.4208333333333,34,54,2025,5,"mai",21,141,21,2,"mercredi",4,FALSE,FALSE,FALSE,FALSE,FALSE,FALSE,0.5,-0.866025403784439,-0.433883739117558,-0.900968867902419,0.655156357209085,-0.75549331407268,42,FALSE,20,8,FALSE,67,80,75,0,64.7142857142857,62.9285714285714,64.0333333333333,31.4839339225278,8.64197530864197,22.2857142857143
2025-05-22,99,100,34,25.8,225.61,153,15,37,14.602,26,74,2025,5,"mai",22,142,21,2,"jeudi",5,FALSE,FALSE,FALSE,FALSE,FALSE,FALSE,0.5,-0.866025403784439,-0.974927912181824,-0.222520933956315,0.642054713236564,-0.766658819300159,43,FALSE,21,7,FALSE,87,72,80,65,68.5714285714286,64.2857142857143,65.1666666666667,34.0727512970758,36.986301369863,30.4285714285714
2025-05-23,114,119,30.2521008403361,23.6302521008403,238.647058823529,179,13,41,13.9410364145658,34,85,2025,5,"mai",23,143,21,2,"vendredi",6,FALSE,FALSE,TRUE,FALSE,FALSE,FALSE,0.5,-0.866025403784439,-0.78183148246803,0.623489801858733,0.628762814595834,-0.777597146973627,44,FALSE,22,6,FALSE,99,89,83,92,72.1428571428571,66.5,65.9,37.689205224788,27.7777777777778,41.8571428571429
2025-05-24,49,50,18,23.98,292.48,279.5,12,10,13.525,18,32,2025,5,"mai",24,144,21,2,"samedi",7,TRUE,FALSE,FALSE,FALSE,FALSE,FALSE,0.5,-0.866025403784439,-0.000000000000000244921270764475,1,0.615284599963328,-0.788305055830525,45,FALSE,23,5,FALSE,114,86,79,73,66.8571428571429,64.3571428571429,65.1,38.0150346197772,-42.5287356321839,-17.8571428571429
2025-05-25,0,0,NA,NA,NA,NA,0,0,NA,NA,NA,2025,5,"mai",25,145,21,2,"dimanche",1,TRUE,FALSE,FALSE,FALSE,TRUE,FALSE,0.5,-0.866025403784439,0.78183148246803,0.623489801858734,0.601624063224923,-0.798779372886365,46,FALSE,24,4,FALSE,49,0,0,175,66.8571428571429,64.3571428571429,59.2666666666667,38.0150346197772,0,-66.8571428571429
2025-05-26,65,67,32.8358208955224,25.0149253731343,248.925373134328,165,13,11,14.5758706467662,20,47,2025,5,"mai",26,146,21,2,"lundi",2,FALSE,TRUE,FALSE,FALSE,TRUE,FALSE,0.5,-0.866025403784439,0.974927912181824,-0.222520933956314,0.587785252292473,-0.809016994374947,47,FALSE,25,3,FALSE,0,52,49,33,68.7142857142857,65.5,60.3333333333333,37.482059200433,24.5283018867925,-3.71428571428571
2025-05-27,81,83,22.8915662650602,25.5301204819277,256.228915662651,195,14,23,13.6208835341365,31,52,2025,5,"mai",27,147,21,2,"mardi",3,FALSE,FALSE,FALSE,FALSE,TRUE,FALSE,0.5,-0.866025403784439,0.433883739117558,-0.900968867902419,0.573772267904325,-0.81901488666808,48,FALSE,26,2,FALSE,65,67,57,0,70.7142857142857,67.2142857142857,63.0333333333333,37.7479106958884,20.5882352941176,10.2857142857143
2025-05-28,90,91,20.8791208791209,26.043956043956,298.648351648352,174,13,16,14.15,35,56,2025,5,"mai",28,148,22,2,"mercredi",4,FALSE,FALSE,FALSE,FALSE,TRUE,FALSE,0.5,-0.866025403784439,-0.433883739117558,-0.900968867902419,0.559589262410176,-0.828770087174504,49,FALSE,27,1,FALSE,81,87,80,52,71.1428571428571,67.9285714285714,64.3,37.9799445823212,3.40909090909091,18.8571428571429
2025-05-29,62,62,33.8709677419355,23.1935483870968,244.725806451613,222.5,10,21,13.910752688172,15,47,2025,5,"mai",29,149,22,2,"jeudi",5,FALSE,FALSE,FALSE,FALSE,TRUE,FALSE,0.5,-0.866025403784439,-0.974927912181824,-0.222520933956315,0.545240438540651,-0.838279705217774,50,TRUE,28,11,FALSE,90,99,72,54,65.8571428571429,67.2142857142857,64.5666666666667,35.9788297541233,-37,-3.85714285714286
2025-05-30,117,122,14.7540983606557,24.5245901639344,245.83606557377,161,13,25,13.9337431693989,48,74,2025,5,"mai",30,150,22,2,"vendredi",6,FALSE,FALSE,TRUE,FALSE,TRUE,FALSE,0.5,-0.866025403784439,-0.78183148246803,0.623489801858733,0.530730048161933,-0.847540922892831,51,FALSE,1,10,FALSE,62,114,89,93,66.2857142857143,69.2142857142857,65.3666666666667,36.6593066206218,2.60869565217391,50.7142857142857
2025-05-31,22,22,31.8181818181818,65.3636363636364,320.272727272727,138.5,7,9,14.6818181818182,5,17,2025,5,"mai",31,151,22,2,"samedi",7,TRUE,FALSE,FALSE,FALSE,TRUE,FALSE,0.5,-0.866025403784439,-0.000000000000000244921270764475,1,0.516062391015853,-0.856550995901004,52,FALSE,2,9,FALSE,117,49,86,42,62.4285714285714,64.6428571428571,64.7,40.0452125430625,-54,-40.4285714285714
2025-06-01,0,0,NA,NA,NA,NA,0,0,NA,NA,NA,2025,6,"juin",1,152,22,2,"dimanche",1,TRUE,FALSE,FALSE,TRUE,FALSE,FALSE,0.000000000000000122460635382238,-1,0.78183148246803,0.623489801858734,0.501241813445776,-0.865307254363206,53,FALSE,3,8,FALSE,22,0,0,62,62.4285714285714,64.6428571428571,62.6333333333333,40.0452125430625,0,-62.4285714285714
2025-06-02,86,88,29.5454545454545,25.5909090909091,297.579545454545,230.5,13,17,13.5511363636364,41,47,2025,6,"juin",2,153,22,2,"lundi",2,FALSE,TRUE,FALSE,TRUE,FALSE,FALSE,0.000000000000000122460635382238,-1,0.974927912181824,-0.222520933956314,0.48627270710869,-0.873807103611081,54,FALSE,4,7,FALSE,0,65,52,82,65.4285714285714,67.0714285714286,62.7666666666667,41.0441109980354,31.8181818181818,20.5714285714286
2025-06-03,107,111,31.5315315315315,23.0720720720721,220.279279279279,141,14,38,13.3714714714715,33,78,2025,6,"juin",3,154,22,2,"mardi",3,FALSE,FALSE,FALSE,TRUE,FALSE,FALSE,0.000000000000000122460635382238,-1,0.433883739117558,-0.900968867902419,0.471159507673864,-0.882048024955854,55,FALSE,5,6,FALSE,86,81,67,0,69.1428571428571,69.9285714285714,66.3333333333333,43.7737690534281,31.7073170731707,37.8571428571429
2025-06-04,104,106,33.0188679245283,24.9905660377358,215.820754716981,156.5,16,33,14.1603773584906,33,73,2025,6,"juin",4,155,23,2,"mercredi",4,FALSE,FALSE,FALSE,TRUE,FALSE,FALSE,0.000000000000000122460635382238,-1,-0.433883739117558,-0.900968867902419,0.455906693508459,-0.890027576434677,56,FALSE,6,5,FALSE,107,90,87,70,71.1428571428571,71.1428571428571,67.4666666666667,45.1826979105519,15.3846153846154,32.8571428571429
2025-06-05,101,103,26.2135922330097,24.0679611650485,241.932038834951,134,13,33,13.792071197411,40,63,2025,6,"juin",5,156,23,2,"jeudi",5,FALSE,FALSE,FALSE,TRUE,FALSE,FALSE,0.000000000000000122460635382238,-1,-0.974927912181824,-0.222520933956315,0.440518784350495,-0.897743393534234,57,FALSE,7,4,FALSE,104,62,99,72,76.7142857142857,71.2857142857143,68.4333333333333,46.2591046379495,61.9047619047619,24.2857142857143
2025-06-06,15,15,20,26,288.466666666667,181,7,5,12.3288888888889,7,8,2025,6,"juin",6,157,23,2,"vendredi",6,FALSE,FALSE,TRUE,FALSE,FALSE,FALSE,0.000000000000000122460635382238,-1,-0.78183148246803,0.623489801858733,0.425000339969554,-0.905193189891397,58,FALSE,8,3,FALSE,101,117,114,75,62.1428571428571,64.2142857142857,66.4333333333333,47.502380892711,-86.4406779661017,-47.1428571428571
2025-06-07,74,76,22.3684210526316,25.6842105263158,219.039473684211,171.5,11,26,13.9186403508772,29,47,2025,6,"juin",7,158,23,2,"samedi",7,TRUE,FALSE,FALSE,FALSE,FALSE,FALSE,0.000000000000000122460635382238,-1,-0.000000000000000244921270764475,1,0.409355958815621,-0.912374757970727,59,FALSE,9,2,FALSE,15,22,49,80,69.5714285714286,66,66.2333333333333,44.1242833477483,226.086956521739,4.42857142857143
2025-06-08,0,0,NA,NA,NA,NA,0,0,NA,NA,NA,2025,6,"juin",8,159,23,2,"dimanche",1,TRUE,FALSE,FALSE,FALSE,FALSE,FALSE,0.000000000000000122460635382238,-1,0.78183148246803,0.623489801858734,0.393590276656467,-0.91928596971861,60,FALSE,10,1,FALSE,74,0,0,83,69.5714285714286,66,63.4666666666667,44.1242833477483,0,-69.5714285714286
2025-06-09,0,0,NA,NA,NA,NA,0,0,NA,NA,NA,2025,6,"juin",9,160,23,2,"lundi",2,FALSE,TRUE,FALSE,FALSE,FALSE,FALSE,0.000000000000000122460635382238,-1,0.974927912181824,-0.222520933956314,0.377707965203965,-0.92592477719385,61,TRUE,11,53,FALSE,0,86,65,79,57.2857142857143,61.3571428571429,60.8333333333333,50.3246602429806,-98.8505747126437,-57.2857142857143
2025-06-10,98,103,26.2135922330097,25.6796116504854,276.52427184466,187,16,18,13.1192556634304,49,54,2025,6,"juin",10,161,23,2,"mardi",3,FALSE,FALSE,FALSE,FALSE,FALSE,TRUE,0.000000000000000122460635382238,-1,0.433883739117558,-0.900968867902419,0.361713730729768,-0.932289213174513,62,FALSE,1,52,FALSE,0,107,81,0,56,62.5714285714286,64.1,48.9387372129686,-8.33333333333333,42
2025-06-11,86,92,31.5217391304348,25.6739130434783,245.804347826087,183.5,16,26,14.356884057971,32,60,2025,6,"juin",11,162,24,2,"mercredi",4,FALSE,FALSE,FALSE,FALSE,FALSE,TRUE,0.000000000000000122460635382238,-1,-0.433883739117558,-0.900968867902419,0.345612312670734,-0.938377391740864,63,FALSE,2,51,FALSE,98,104,90,49,53.4285714285714,62.2857142857143,65.3333333333333,46.4035097194783,-17.1428571428571,32.5714285714286
2025-06-12,102,104,26.9230769230769,24.5,288.355769230769,253,16,28,13.8536858974359,39,65,2025,6,"juin",12,163,24,2,"jeudi",5,FALSE,FALSE,FALSE,FALSE,FALSE,TRUE,0.000000000000000122460635382238,-1,-0.974927912181824,-0.222520933956315,0.32940848222453,-0.944187508834199,64,FALSE,3,50,FALSE,86,101,62,57,53.5714285714286,65.1428571428571,66.8333333333333,46.5755914002787,0.980392156862745,48.4285714285714
2025-06-13,120,126,24.6031746031746,24.4603174603175,264.18253968254,215.5,17,40,15.057671957672,38,88,2025,6,"juin",13,164,24,2,"vendredi",6,FALSE,FALSE,TRUE,FALSE,FALSE,TRUE,0.000000000000000122460635382238,-1,-0.78183148246803,0.623489801858733,0.313107040935827,-0.949717842791432,65,FALSE,4,49,FALSE,102,15,117,80,68.5714285714286,65.3571428571429,68.1666666666667,48.9314389149319,656.25,51.4285714285714
2025-06-14,61,67,17.910447761194,21.6567164179104,392.462686567164,335,13,22,13.7057213930348,29,38,2025,6,"juin",14,165,24,2,"samedi",7,TRUE,FALSE,FALSE,FALSE,FALSE,TRUE,0.000000000000000122460635382238,-1,-0.000000000000000244921270764475,1,0.296712819273491,-0.954966754855255,66,FALSE,5,48,FALSE,120,74,22,72,66.7142857142857,68.1428571428571,67.8,48.9377641694506,-17.3333333333333,-5.71428571428571
2025-06-15,20,20,20,20.45,401.95,433,6,2,12.78,9,11,2025,6,"juin",15,166,24,2,"dimanche",1,TRUE,FALSE,FALSE,FALSE,FALSE,TRUE,0.000000000000000122460635382238,-1,0.78183148246803,0.623489801858734,0.280230675199216,-0.959932689659745,67,FALSE,6,47,FALSE,61,0,0,89,69.5714285714286,69.5714285714286,65.5,44.8027422630101,2000,-49.5714285714286
2025-06-16,72,78,30.7692307692308,24.7692307692308,276.474358974359,192,12,17,14.0239316239316,32,46,2025,6,"juin",16,167,24,2,"lundi",2,FALSE,TRUE,FALSE,FALSE,FALSE,TRUE,0.000000000000000122460635382238,-1,0.974927912181824,-0.222520933956314,0.263665492728007,-0.964614175691244,68,FALSE,7,46,FALSE,20,0,86,86,79.8571428571429,68.5714285714286,65.0333333333333,32.8350857642074,7200,-7.85714285714286
2025-06-17,97,100,29,23.83,300.06,258,14,20,12.9036666666667,44,56,2025,6,"juin",17,168,24,2,"mardi",3,FALSE,FALSE,FALSE,FALSE,FALSE,TRUE,0.000000000000000122460635382238,-1,0.433883739117558,-0.900968867902419,0.247022180480936,-0.969009825724406,69,FALSE,8,45,FALSE,72,98,107,0,79.7142857142857,67.8571428571429,68.2666666666667,32.7450468809879,-1.01010101010101,17.2857142857143
2025-06-18,107,114,24.5614035087719,24.1228070175439,274.122807017544,216,16,21,13.090350877193,44,70,2025,6,"juin",18,169,25,2,"mercredi",4,FALSE,FALSE,FALSE,FALSE,FALSE,TRUE,0.000000000000000122460635382238,-1,-0.433883739117558,-0.900968867902419,0.230305670230612,-0.973118337233262,70,FALSE,9,44,FALSE,97,86,104,52,82.7142857142857,68.0714285714286,70.1,34.340036331345,24.1379310344828,24.2857142857143
2025-06-19,62,68,25,23.6617647058824,251.411764705882,182,16,8,14.3247549019608,20,48,2025,6,"juin",19,170,25,2,"jeudi",5,FALSE,FALSE,FALSE,FALSE,FALSE,TRUE,0.000000000000000122460635382238,-1,-0.974927912181824,-0.222520933956315,0.213520915439796,-0.976938492777182,71,FALSE,10,43,FALSE,107,102,101,67,77,65.2857142857143,69.9333333333333,33.9214779552228,-38.8349514563107,-15
2025-06-20,88,91,28.5714285714286,23.2417582417582,235.769230769231,215,16,17,14.1822344322344,32,59,2025,6,"juin",20,171,25,2,"vendredi",6,FALSE,FALSE,TRUE,FALSE,FALSE,TRUE,0.000000000000000122460635382238,-1,-0.78183148246803,0.623489801858733,0.196672889793576,-0.980469160361632,72,FALSE,11,42,FALSE,62,120,15,87,72.4285714285714,70.5,69.9666666666667,28.9531641498078,-26.4462809917355,15.5714285714286
2025-06-21,121,127,22.0472440944882,23.5354330708661,261.385826771654,237,13,44,13.4557742782152,59,68,2025,6,"juin",21,172,25,2,"samedi",7,TRUE,FALSE,FALSE,FALSE,FALSE,FALSE,0.000000000000000122460635382238,-1,-0.000000000000000244921270764475,1,0.179766585725562,-0.98370929377361,73,FALSE,12,41,FALSE,88,61,74,99,81,73.8571428571429,70.7,33.5261092284804,96.7741935483871,40
2025-06-22,0,0,NA,NA,NA,NA,0,0,NA,NA,NA,2025,6,"juin",22,173,25,2,"dimanche",1,TRUE,FALSE,FALSE,FALSE,FALSE,FALSE,0.000000000000000122460635382238,-1,0.78183148246803,0.623489801858734,0.162807012938517,-0.986657932891657,74,FALSE,13,40,FALSE,121,20,0,114,78.1428571428571,73.8571428571429,66.9,39.8473276871803,-95.2380952380952,-78.1428571428571
2025-06-23,64,69,21.7391304347826,23.7391304347826,237.768115942029,187,13,11,13.045652173913,27,42,2025,6,"juin",23,174,25,2,"lundi",2,FALSE,TRUE,FALSE,FALSE,FALSE,FALSE,0.000000000000000122460635382238,-1,0.974927912181824,-0.222520933956314,0.145799196919875,-0.989314203970366,75,FALSE,14,39,FALSE,0,72,0,49,77,78.4285714285714,67.4,40.1663208837122,-10.958904109589,-13
2025-06-24,82,86,18.6046511627907,23.046511627907,266.093023255814,160,15,21,13.1970930232558,28,58,2025,6,"juin",24,175,25,2,"mardi",3,FALSE,FALSE,FALSE,FALSE,FALSE,FALSE,0.000000000000000122460635382238,-1,0.433883739117558,-0.900968867902419,0.128748177452581,-0.99167731989929,76,FALSE,15,38,FALSE,64,97,98,0,74.8571428571429,77.2857142857143,70.1333333333333,39.3125449503869,-15.3061224489796,7.14285714285714
2025-06-25,75,79,17.7215189873418,23.746835443038,251.569620253165,189,11,14,13.5,27,52,2025,6,"juin",25,176,26,2,"mercredi",4,FALSE,FALSE,FALSE,FALSE,TRUE,FALSE,0.000000000000000122460635382238,-1,-0.433883739117558,-0.900968867902419,0.111659007121695,-0.993746580436178,77,FALSE,16,37,FALSE,82,107,86,65,70.2857142857143,76.5,70.4666666666667,36.7274388149346,-29.6296296296296,4.71428571428571
2025-06-26,67,71,36.6197183098592,23.7042253521127,275.253521126761,248,13,14,12.5922535211268,32,39,2025,6,"juin",26,177,26,2,"jeudi",5,FALSE,FALSE,FALSE,FALSE,TRUE,FALSE,0.000000000000000122460635382238,-1,-0.974927912181824,-0.222520933956315,0.0945367498171991,-0.995521372414475,78,FALSE,17,36,FALSE,75,62,102,81,71,74,70,36.587793957366,7.93650793650794,-4
2025-06-27,95,98,16.3265306122449,22.6530612244898,244.897959183673,181.5,15,24,14.2799319727891,31,67,2025,6,"juin",27,178,26,2,"vendredi",6,FALSE,FALSE,TRUE,FALSE,TRUE,FALSE,0.000000000000000122460635382238,-1,-0.78183148246803,0.623489801858733,0.077386479233463,-0.997001169925015,79,FALSE,18,35,FALSE,67,88,120,90,72,72.2142857142857,70.1666666666667,37.2200662725543,7.86516853932584,23
2025-06-28,62,64,20.3125,25.140625,284.078125,212.5,11,18,13.2455729166667,28,36,2025,6,"juin",28,179,26,2,"samedi",7,TRUE,FALSE,FALSE,FALSE,TRUE,FALSE,0.000000000000000122460635382238,-1,-0.000000000000000244921270764475,1,0.060213277365793,-0.998185534471859,80,FALSE,19,34,FALSE,95,121,61,62,63.5714285714286,72.2857142857143,70.1666666666667,30.3142273685539,-48.3606557377049,-1.57142857142857
2025-06-29,0,0,NA,NA,NA,NA,0,0,NA,NA,NA,2025,6,"juin",29,180,26,2,"dimanche",1,TRUE,FALSE,FALSE,FALSE,TRUE,FALSE,0.000000000000000122460635382238,-1,0.78183148246803,0.623489801858734,0.0430222330045306,-0.99907411510223,81,FALSE,20,33,FALSE,62,0,20,117,63.5714285714286,70.8571428571429,66.2666666666667,30.3142273685539,0,-63.5714285714286
2025-06-30,46,47,23.4042553191489,23.8936170212766,219.574468085106,211,13,4,12.9691489361702,19,28,2025,6,"juin",30,181,26,2,"lundi",2,FALSE,TRUE,FALSE,FALSE,TRUE,FALSE,0.000000000000000122460635382238,-1,0.974927912181824,-0.222520933956314,0.0258184402271331,-0.999666648510511,82,FALSE,21,32,FALSE,0,64,72,22,61,69,67.0666666666667,31.0268700752536,-27.6923076923077,-15
2025-07-01,61,62,24.1935483870968,24.5483870967742,278.967741935484,192,13,13,13.4341397849462,21,41,2025,7,"juillet",1,182,26,3,"mardi",3,FALSE,FALSE,FALSE,TRUE,FALSE,FALSE,-0.5,-0.866025403784439,0.433883739117558,-0.900968867902419,0.0086069968886887,-0.999962959116266,83,FALSE,22,31,TRUE,46,82,97,0,58,66.4285714285714,69.1,29.6423121005543,-25.3012048192771,3
2025-07-02,66,69,24.6376811594203,24.4347826086957,283.260869565217,212,15,15,13.5340579710145,25,44,2025,7,"juillet",2,183,27,3,"mercredi",4,FALSE,FALSE,FALSE,TRUE,FALSE,FALSE,-0.5,-0.866025403784439,-0.433883739117558,-0.900968867902419,-0.00860699688868801,-0.999962959116266,84,FALSE,23,30,TRUE,61,75,107,86,56.7142857142857,63.5,68.4333333333333,28.9696064046113,-11.8421052631579,9.28571428571428
2025-07-03,86,90,22.2222222222222,26.3333333333333,226.033333333333,199,14,25,13.3583333333333,34,56,2025,7,"juillet",3,184,27,3,"jeudi",5,FALSE,FALSE,FALSE,TRUE,FALSE,FALSE,-0.5,-0.866025403784439,-0.974927912181824,-0.222520933956315,-0.0258184402271324,-0.999666648510511,85,FALSE,24,29,TRUE,66,67,62,107,59.4285714285714,65.2142857142857,67.7333333333333,30.9184796028586,27.9411764705882,26.5714285714286
2025-07-04,70,71,19.7183098591549,25.4647887323944,231.971830985915,189,14,15,14.0176056338028,28,43,2025,7,"juillet",4,185,27,3,"vendredi",6,FALSE,FALSE,TRUE,TRUE,FALSE,FALSE,-0.5,-0.866025403784439,-0.78183148246803,0.623489801858733,-0.0430222330045303,-0.99907411510223,86,FALSE,25,28,TRUE,86,95,88,104,55.8571428571429,63.9285714285714,66.6,27.3643842212743,-26.0416666666667,14.1428571428571
2025-07-05,88,90,28.8888888888889,23.6888888888889,276.511111111111,231.5,10,35,13.1107407407407,45,45,2025,7,"juillet",5,186,27,3,"samedi",7,TRUE,FALSE,FALSE,TRUE,FALSE,FALSE,-0.5,-0.866025403784439,-0.000000000000000244921270764475,1,-0.0602132773657928,-0.998185534471859,87,FALSE,26,27,TRUE,70,62,121,101,59.5714285714286,61.5714285714286,66.1666666666667,29.976975291364,41.2698412698413,28.4285714285714
2025-07-06,0,0,NA,NA,NA,NA,0,0,NA,NA,NA,2025,7,"juillet",6,187,27,3,"dimanche",1,TRUE,FALSE,FALSE,FALSE,FALSE,FALSE,-0.5,-0.866025403784439,0.78183148246803,0.623489801858734,-0.0773864792334632,-0.997001169925015,88,FALSE,27,26,TRUE,88,0,0,15,59.5714285714286,61.5714285714286,65.6666666666667,29.976975291364,0,-59.5714285714286
2025-07-07,65,66,25.7575757575758,23.7878787878788,224.712121212121,152.5,15,15,13.2780303030303,26,40,2025,7,"juillet",7,188,27,3,"lundi",2,FALSE,TRUE,FALSE,FALSE,FALSE,FALSE,-0.5,-0.866025403784439,0.974927912181824,-0.222520933956314,-0.0945367498171993,-0.995521372414475,89,FALSE,28,25,TRUE,0,46,64,74,62.2857142857143,61.6428571428571,65.3666666666667,29.3979267166597,40.4255319148936,2.71428571428572
2025-07-08,64,65,16.9230769230769,24.4,283.384615384615,242,12,3,13.7448717948718,21,44,2025,7,"juillet",8,189,27,3,"mardi",3,FALSE,FALSE,FALSE,FALSE,FALSE,FALSE,-0.5,-0.866025403784439,0.433883739117558,-0.900968867902419,-0.111659007121694,-0.993746580436178,90,FALSE,29,24,TRUE,65,61,82,0,62.7142857142857,60.3571428571429,67.5,29.3979267166597,4.83870967741935,1.28571428571428
2025-07-09,86,86,24.4186046511628,24.3372093023256,264.418604651163,213.5,12,14,14.406007751938,29,57,2025,7,"juillet",9,190,28,3,"mercredi",4,FALSE,FALSE,FALSE,FALSE,FALSE,FALSE,-0.5,-0.866025403784439,-0.433883739117558,-0.900968867902419,-0.128748177452581,-0.99167731989929,91,FALSE,30,23,TRUE,64,66,75,0,65.5714285714286,61.1428571428571,70.3666666666667,30.7129567818814,29.8507462686567,20.4285714285714
2025-07-10,87,88,19.3181818181818,23.2045454545455,298.181818181818,248,16,20,13.282196969697,31,57,2025,7,"juillet",10,191,28,3,"jeudi",5,FALSE,FALSE,FALSE,FALSE,FALSE,TRUE,-0.5,-0.866025403784439,-0.974927912181824,-0.222520933956315,-0.145799196919874,-0.989314203970366,92,FALSE,31,22,TRUE,86,86,67,98,65.7142857142857,62.5714285714286,70,30.8259321876581,1.14942528735632,21.2857142857143
2025-07-11,109,113,23.8938053097345,23.2035398230088,260.079646017699,206,15,19,14.3890855457227,30,83,2025,7,"juillet",11,192,28,3,"vendredi",6,FALSE,FALSE,TRUE,FALSE,FALSE,TRUE,-0.5,-0.866025403784439,-0.78183148246803,0.623489801858733,-0.162807012938516,-0.986657932891657,93,FALSE,32,21,TRUE,87,70,95,86,71.2857142857143,63.5714285714286,70.7666666666667,34.9748208749966,54.9295774647887,37.7142857142857
2025-07-12,91,92,20.6521739130435,22.6521739130435,306.554347826087,333.5,11,22,13.1436594202899,39,53,2025,7,"juillet",12,193,28,3,"samedi",7,TRUE,FALSE,FALSE,FALSE,FALSE,TRUE,-0.5,-0.866025403784439,-0.000000000000000244921270764475,1,-0.179766585725562,-0.98370929377361,94,FALSE,33,20,TRUE,109,88,62,102,71.7142857142857,65.6428571428571,70.4,35.2312091083757,3.37078651685393,19.2857142857143
2025-07-13,0,0,NA,NA,NA,NA,0,0,NA,NA,NA,2025,7,"juillet",13,194,28,3,"dimanche",1,TRUE,FALSE,FALSE,FALSE,FALSE,TRUE,-0.5,-0.866025403784439,0.78183148246803,0.623489801858734,-0.196672889793576,-0.980469160361632,95,FALSE,34,19,TRUE,91,0,0,120,71.7142857142857,65.6428571428571,66.4,35.2312091083757,0,-71.7142857142857
2025-07-14,70,70,30,24.0714285714286,339.057142857143,332,14,13,12.7378571428571,30,40,2025,7,"juillet",14,195,28,3,"lundi",2,FALSE,TRUE,FALSE,FALSE,FALSE,TRUE,-0.5,-0.866025403784439,0.974927912181824,-0.222520933956314,-0.213520915439796,-0.976938492777182,96,FALSE,35,18,TRUE,0,65,46,61,72.4285714285714,67.3571428571429,66.7,35.1229134272635,7.57575757575758,-2.42857142857143
2025-07-15,53,53,28.3018867924528,23.811320754717,353.018867924528,345,13,4,13.6713836477987,18,35,2025,7,"juillet",15,196,28,3,"mardi",3,FALSE,FALSE,FALSE,FALSE,FALSE,TRUE,-0.5,-0.866025403784439,0.433883739117558,-0.900968867902419,-0.230305670230612,-0.973118337233262,97,FALSE,36,17,TRUE,70,64,61,20,70.8571428571429,66.7857142857143,67.8,35.8023675726833,-16.9230769230769,-17.8571428571429
2025-07-16,71,74,27.027027027027,23.3243243243243,293.743243243243,283,14,10,13.536036036036,29,45,2025,7,"juillet",16,197,29,3,"mercredi",4,FALSE,FALSE,FALSE,FALSE,FALSE,TRUE,-0.5,-0.866025403784439,-0.433883739117558,-0.900968867902419,-0.247022180480935,-0.969009825724406,98,FALSE,37,16,TRUE,53,86,66,72,68.7142857142857,67.1428571428571,67.7666666666667,35.188607463753,-17.2413793103448,2.28571428571429
2025-07-17,78,83,36.144578313253,23.2168674698795,287.710843373494,218,15,19,13.4927710843373,33,50,2025,7,"juillet",17,198,29,3,"jeudi",5,FALSE,FALSE,FALSE,FALSE,FALSE,TRUE,-0.5,-0.866025403784439,-0.974927912181824,-0.222520933956315,-0.263665492728007,-0.964614175691244,99,FALSE,38,15,TRUE,71,87,86,97,67.4285714285714,66.5714285714286,67.1333333333333,34.5680832698659,-10.2272727272727,10.5714285714286
2025-07-18,89,92,29.3478260869565,22.4239130434783,319.217391304348,221,14,23,13.4405797101449,36,56,2025,7,"juillet",18,199,29,3,"vendredi",6,FALSE,FALSE,TRUE,FALSE,FALSE,TRUE,-0.5,-0.866025403784439,-0.78183148246803,0.623489801858733,-0.280230675199216,-0.959932689659745,100,FALSE,39,14,TRUE,78,109,70,107,64.5714285714286,67.9285714285714,66.5333333333333,31.2242274676633,-18.1818181818182,24.4285714285714
2025-07-19,63,63,22.2222222222222,22.9047619047619,307.920634920635,283,11,10,12.9132275132275,30,33,2025,7,"juillet",19,200,29,3,"samedi",7,TRUE,FALSE,FALSE,FALSE,FALSE,TRUE,-0.5,-0.866025403784439,-0.000000000000000244921270764475,1,-0.29671281927349,-0.954966754855255,101,FALSE,40,13,TRUE,89,91,88,62,60.5714285714286,66.1428571428571,66.5666666666667,28.9876821130237,-30.4347826086957,2.42857142857143
2025-07-20,0,0,NA,NA,NA,NA,0,0,NA,NA,NA,2025,7,"juillet",20,201,29,3,"dimanche",1,TRUE,FALSE,FALSE,FALSE,FALSE,TRUE,-0.5,-0.866025403784439,0.78183148246803,0.623489801858734,-0.313107040935827,-0.949717842791432,102,FALSE,41,12,TRUE,63,0,0,88,60.5714285714286,66.1428571428571,63.6333333333333,28.9876821130237,0,-60.5714285714286
2025-07-21,58,60,30,23.1333333333333,313.65,259,13,14,12.4877777777778,27,33,2025,7,"juillet",21,202,29,3,"lundi",2,FALSE,TRUE,FALSE,FALSE,FALSE,FALSE,-0.5,-0.866025403784439,0.974927912181824,-0.222520933956314,-0.32940848222453,-0.944187508834199,103,FALSE,42,11,TRUE,0,70,65,121,58.8571428571429,65.6428571428571,61.5333333333333,28.690466311004,-16.9014084507042,-0.857142857142854
2025-07-22,67,69,27.536231884058,23.5072463768116,265.304347826087,194,13,7,13.3736714975845,25,44,2025,7,"juillet",22,203,29,3,"mardi",3,FALSE,FALSE,FALSE,FALSE,FALSE,FALSE,-0.5,-0.866025403784439,0.433883739117558,-0.900968867902419,-0.345612312670733,-0.938377391740864,104,FALSE,43,10,TRUE,58,53,64,0,60.8571428571429,65.8571428571429,63.7666666666667,28.7020822207993,25.9259259259259,6.14285714285715
2025-07-23,114,117,29.9145299145299,24.7606837606838,275.111111111111,201,15,32,13.4062678062678,49,68,2025,7,"juillet",23,204,30,3,"mercredi",4,FALSE,FALSE,FALSE,FALSE,FALSE,FALSE,-0.5,-0.866025403784439,-0.433883739117558,-0.900968867902419,-0.361713730729767,-0.932289213174513,105,FALSE,44,9,TRUE,67,71,86,64,67,67.8571428571429,65.4333333333333,35.1188458428425,59.7222222222222,47
2025-07-24,94,99,29.2929292929293,22.9494949494949,332.111111111111,257,15,15,13.9632996632997,37,62,2025,7,"juillet",24,205,30,3,"jeudi",5,FALSE,FALSE,FALSE,FALSE,FALSE,FALSE,-0.5,-0.866025403784439,-0.974927912181824,-0.222520933956315,-0.377707965203965,-0.92592477719385,106,FALSE,45,8,TRUE,114,78,87,82,69.2857142857143,68.3571428571429,65.8333333333333,36.4495737776374,20.253164556962,24.7142857142857
2025-07-25,110,117,29.0598290598291,22.8632478632479,285.666666666667,241,14,19,14.3645299145299,38,79,2025,7,"juillet",25,206,30,3,"vendredi",6,FALSE,FALSE,TRUE,FALSE,TRUE,FALSE,-0.5,-0.866025403784439,-0.78183148246803,0.623489801858733,-0.393590276656466,-0.919285969718611,107,FALSE,46,7,TRUE,94,89,109,75,72.2857142857143,68.4285714285714,67,39.1097357261773,23.3333333333333,37.7142857142857
2025-07-26,127,129,22.4806201550388,22.937984496124,311.488372093023,285,14,45,12.153488372093,72,57,2025,7,"juillet",26,207,30,3,"samedi",7,TRUE,FALSE,FALSE,FALSE,TRUE,FALSE,-0.5,-0.866025403784439,-0.000000000000000244921270764475,1,-0.409355958815621,-0.912374757970727,108,FALSE,47,6,TRUE,110,63,91,67,81.4285714285714,71,69,43.7792079373194,100,45.5714285714286
2025-07-27,0,0,NA,NA,NA,NA,0,0,NA,NA,NA,2025,7,"juillet",27,208,30,3,"dimanche",1,TRUE,FALSE,FALSE,FALSE,TRUE,FALSE,-0.5,-0.866025403784439,0.78183148246803,0.623489801858734,-0.425000339969554,-0.905193189891398,109,FALSE,48,5,TRUE,127,0,0,95,81.4285714285714,71,65.8333333333333,43.7792079373194,0,-81.4285714285714
2025-07-28,88,95,29.4736842105263,23.9473684210526,287.4,217,13,24,12.9977192982456,38,57,2025,7,"juillet",28,209,30,3,"lundi",2,FALSE,TRUE,FALSE,FALSE,TRUE,FALSE,-0.5,-0.866025403784439,0.974927912181824,-0.222520933956314,-0.440518784350495,-0.897743393534234,110,FALSE,49,4,TRUE,0,58,70,62,85.7142857142857,72.2857142857143,66.7,42.5547266693697,50.8474576271186,2.28571428571429
2025-07-29,88,92,30.4347826086957,24.0760869565217,222.065217391304,144.5,15,16,13.533152173913,42,50,2025,7,"juillet",29,210,30,3,"mardi",3,FALSE,FALSE,FALSE,FALSE,TRUE,FALSE,-0.5,-0.866025403784439,0.433883739117558,-0.900968867902419,-0.455906693508459,-0.890027576434677,111,FALSE,50,3,TRUE,88,67,53,0,88.7142857142857,74.7857142857143,69.6333333333333,41.7481108782752,30.8823529411765,-0.714285714285708
2025-07-30,69,70,32.8571428571429,24.2428571428571,302.442857142857,275,14,18,12.8864285714286,34,36,2025,7,"juillet",30,211,31,3,"mercredi",4,FALSE,FALSE,FALSE,FALSE,TRUE,FALSE,-0.5,-0.866025403784439,-0.433883739117558,-0.900968867902419,-0.471159507673864,-0.882048024955854,112,FALSE,51,2,TRUE,88,114,71,46,82.2857142857143,74.6428571428571,70.4,40.6559314480035,-39.1304347826087,-13.2857142857143
2025-07-31,76,77,18.1818181818182,23.9350649350649,303.545454545455,258,15,17,13.2469696969697,32,45,2025,7,"juillet",31,212,31,3,"jeudi",5,FALSE,FALSE,FALSE,FALSE,TRUE,FALSE,-0.5,-0.866025403784439,-0.974927912181824,-0.222520933956315,-0.48627270710869,-0.873807103611081,113,FALSE,52,1,TRUE,69,94,78,61,79.7142857142857,74.5,70.9,40.359692291998,-18.9473684210526,-3.71428571428571
2025-08-01,0,0,NA,NA,NA,NA,0,0,NA,NA,NA,2025,8,"août",1,213,31,3,"vendredi",6,FALSE,FALSE,TRUE,TRUE,FALSE,FALSE,-0.866025403784438,-0.5,-0.78183148246803,0.623489801858733,-0.501241813445776,-0.865307254363206,114,TRUE,53,14,TRUE,76,110,89,66,64,68.1428571428571,68.7,47.4025315779653,-99.0990990990991,-64
2025-08-02,52,52,28.8461538461538,24.9423076923077,262.846153846154,192,12,11,12.8285256410256,26,26,2025,8,"août",2,214,31,3,"samedi",7,TRUE,FALSE,FALSE,TRUE,FALSE,FALSE,-0.866025403784438,-0.5,-0.000000000000000244921270764475,1,-0.516062391015853,-0.856550995901004,115,FALSE,1,13,TRUE,0,127,63,86,53.2857142857143,67.3571428571429,67.5666666666667,38.4131673853046,-58.59375,-1.28571428571428
2025-08-03,0,0,NA,NA,NA,NA,0,0,NA,NA,NA,2025,8,"août",3,215,31,3,"dimanche",1,TRUE,FALSE,FALSE,TRUE,FALSE,FALSE,-0.866025403784438,-0.5,0.78183148246803,0.623489801858734,-0.530730048161933,-0.847540922892831,116,FALSE,2,12,TRUE,52,0,0,70,53.2857142857143,67.3571428571429,65.2333333333333,38.4131673853046,0,-53.2857142857143
2025-08-04,35,35,20,23.6,256,256,13,4,14.0604761904762,11,24,2025,8,"août",4,216,31,3,"lundi",2,FALSE,TRUE,FALSE,TRUE,FALSE,FALSE,-0.866025403784438,-0.5,0.974927912181824,-0.222520933956314,-0.545240438540651,-0.838279705217775,117,FALSE,3,11,TRUE,0,88,58,88,45.7142857142857,65.7142857142857,63.4666666666667,35.5467499016637,-59.5505617977528,-10.7142857142857
2025-08-05,86,87,28.735632183908,24.3333333333333,254.390804597701,154,16,24,13.3980842911877,34,53,2025,8,"août",5,217,31,3,"mardi",3,FALSE,FALSE,FALSE,TRUE,FALSE,FALSE,-0.866025403784438,-0.5,0.433883739117558,-0.900968867902419,-0.559589262410176,-0.828770087174504,118,FALSE,4,10,TRUE,35,88,67,0,45.4285714285714,67.0714285714286,66.3333333333333,35.156114417728,-2.24719101123596,40.5714285714286
2025-08-06,84,86,25.5813953488372,24.5,297.023255813953,254.5,13,17,13.4608527131783,34,52,2025,8,"août",6,218,32,3,"mercredi",4,FALSE,FALSE,FALSE,FALSE,FALSE,FALSE,-0.866025403784438,-0.5,-0.433883739117558,-0.900968867902419,-0.573772267904324,-0.81901488666808,119,FALSE,5,9,TRUE,86,69,114,65,47.5714285714286,64.9285714285714,66.9666666666667,37.2283813904443,21.4285714285714,36.4285714285714
2025-08-07,76,79,26.5822784810127,24.126582278481,200.860759493671,152,15,21,14.2978902953587,19,60,2025,8,"août",7,219,32,3,"jeudi",5,FALSE,FALSE,FALSE,FALSE,FALSE,FALSE,-0.866025403784438,-0.5,-0.974927912181824,-0.222520933956315,-0.587785252292473,-0.809016994374947,120,FALSE,6,8,TRUE,84,76,94,64,47.5714285714286,63.6428571428571,67.3666666666667,37.2283813904443,0,28.4285714285714
2025-08-08,68,68,25,23.1176470588235,295.955882352941,254,12,14,13.2455882352941,29,39,2025,8,"août",8,220,32,3,"vendredi",6,FALSE,FALSE,TRUE,FALSE,FALSE,FALSE,-0.866025403784438,-0.5,-0.78183148246803,0.623489801858733,-0.601624063224923,-0.798779372886365,121,FALSE,7,7,TRUE,76,0,110,86,57.2857142857143,60.6428571428571,66.7666666666667,31.1165244723458,6800,10.7142857142857
2025-08-09,53,55,20,22.4545454545455,312.4,269,9,5,13.8718181818182,20,35,2025,8,"août",9,221,32,3,"samedi",7,TRUE,FALSE,FALSE,FALSE,FALSE,FALSE,-0.866025403784438,-0.5,-0.000000000000000244921270764475,1,-0.615284599963328,-0.788305055830525,122,FALSE,8,6,TRUE,68,52,127,87,57.4285714285714,55.3571428571429,65.6333333333333,31.0904977061971,1.88679245283019,-4.42857142857143
2025-08-10,0,0,NA,NA,NA,NA,0,0,NA,NA,NA,2025,8,"août",10,222,32,3,"dimanche",1,TRUE,FALSE,FALSE,FALSE,FALSE,TRUE,-0.866025403784438,-0.5,0.78183148246803,0.623489801858734,-0.628762814595834,-0.777597146973627,123,FALSE,9,5,TRUE,53,0,0,109,57.4285714285714,55.3571428571429,62,31.0904977061971,0,-57.4285714285714
2025-08-11,0,0,NA,NA,NA,NA,0,0,NA,NA,NA,2025,8,"août",11,223,32,3,"lundi",2,FALSE,TRUE,FALSE,FALSE,FALSE,TRUE,-0.866025403784438,-0.5,0.974927912181824,-0.222520933956314,-0.642054713236564,-0.766658819300159,124,FALSE,10,4,TRUE,0,35,88,91,52.4285714285714,49.0714285714286,58.9666666666667,37.4604553400745,-97.2222222222222,-52.4285714285714
2025-08-12,26,27,25.9259259259259,27.8148148148148,310.814814814815,123,7,7,13.0716049382716,10,17,2025,8,"août",12,224,32,3,"mardi",3,FALSE,FALSE,FALSE,FALSE,FALSE,TRUE,-0.866025403784438,-0.5,0.433883739117558,-0.900968867902419,-0.655156357209085,-0.75549331407268,125,FALSE,11,3,TRUE,0,86,88,0,43.8571428571429,44.6428571428571,59.8333333333333,35.3007486768037,-68.9655172413793,-17.8571428571429
2025-08-13,32,32,34.375,23.5,202.5625,159,10,12,11.7364583333333,22,10,2025,8,"août",13,225,33,3,"mercredi",4,FALSE,FALSE,FALSE,FALSE,FALSE,TRUE,-0.866025403784438,-0.5,-0.433883739117558,-0.900968867902419,-0.668063864213533,-0.744103939871361,126,FALSE,12,2,TRUE,26,84,69,70,36.4285714285714,42,58.5666666666667,30.6042325115179,-61.1764705882353,-4.42857142857143
2025-08-14,17,17,17.6470588235294,24.0588235294118,329.235294117647,364,9,1,13.743137254902,5,12,2025,8,"août",14,226,33,3,"jeudi",5,FALSE,FALSE,FALSE,FALSE,FALSE,TRUE,-0.866025403784438,-0.5,-0.974927912181824,-0.222520933956315,-0.680773409477016,-0.732494071613579,127,FALSE,13,1,TRUE,32,76,76,53,28,37.7857142857143,57.3666666666667,25.6059888828115,-76.6233766233766,-11
2025-08-15,3,3,0,22.3333333333333,213,198,2,0,11.2555555555556,2,1,2025,8,"août",15,227,33,3,"vendredi",6,FALSE,FALSE,TRUE,FALSE,FALSE,TRUE,-0.866025403784438,-0.5,-0.78183148246803,0.623489801858733,-0.693281226886977,-0.720667149553861,128,TRUE,14,72,TRUE,17,68,0,71,18.7142857142857,38,55.1,19.8134153686695,-94.2028985507246,-15.7142857142857
2025-08-16,3,3,33.3333333333333,21.3333333333333,600.333333333333,684,3,1,12.2666666666667,1,2,2025,8,"août",16,228,33,3,"samedi",7,TRUE,FALSE,FALSE,FALSE,FALSE,TRUE,-0.866025403784438,-0.5,-0.000000000000000244921270764475,1,-0.705583610107177,-0.70862667826446,129,FALSE,1,71,TRUE,3,53,52,78,11.5714285714286,34.5,52.6,13.3523673663405,-92.5925925925926,-8.57142857142857
2025-08-17,0,0,NA,NA,NA,NA,0,0,NA,NA,NA,2025,8,"août",17,229,33,3,"dimanche",1,TRUE,FALSE,FALSE,FALSE,FALSE,TRUE,-0.866025403784438,-0.5,0.78183148246803,0.623489801858734,-0.717676913675962,-0.696376225596873,130,FALSE,2,70,TRUE,3,0,0,89,11.5714285714286,34.5,49.6333333333333,13.3523673663405,0,-11.5714285714286
2025-08-18,67,68,30.8823529411765,25.3235294117647,271.176470588235,206.5,13,13,12.625,37,31,2025,8,"août",18,230,33,3,"lundi",2,FALSE,TRUE,FALSE,FALSE,FALSE,TRUE,-0.866025403784438,-0.5,0.974927912181824,-0.222520933956314,-0.729557554086488,-0.683919421624611,131,FALSE,3,69,TRUE,0,0,35,63,21.1428571428571,36.7857142857143,49.7666666666667,23.6884540893419,6700,45.8571428571429
2025-08-19,58,60,28.3333333333333,23,303.85,215.5,14,11,13.2527777777778,26,34,2025,8,"août",19,231,33,3,"mardi",3,FALSE,FALSE,FALSE,FALSE,FALSE,TRUE,-0.866025403784438,-0.5,0.433883739117558,-0.900968867902419,-0.741222010848596,-0.671259957567532,132,FALSE,4,68,TRUE,67,26,86,0,25.7142857142857,34.7857142857143,51.7,27.5542754438961,118.518518518519,32.2857142857143
2025-08-20,69,69,26.0869565217391,23.4202898550725,252.188405797101,164,13,12,13.4545893719807,28,41,2025,8,"août",20,232,34,3,"mercredi",4,FALSE,FALSE,FALSE,FALSE,FALSE,TRUE,-0.866025403784438,-0.5,-0.433883739117558,-0.900968867902419,-0.752666827532008,-0.658401584698049,133,FALSE,5,67,TRUE,58,32,84,58,31,33.7142857142857,52.0666666666667,32.1299444962691,112.121212121212,38
2025-08-21,66,67,34.3283582089552,23.2089552238806,346.014925373134,293,12,5,13.465671641791,25,42,2025,8,"août",21,233,34,3,"jeudi",5,FALSE,FALSE,FALSE,FALSE,FALSE,FALSE,-0.866025403784438,-0.5,-0.974927912181824,-0.222520933956315,-0.763888612790543,-0.64534811322955,134,FALSE,6,66,TRUE,69,17,76,67,38,33,52.0333333333333,33.8624669312008,272.222222222222,28
2025-08-22,61,62,30.6451612903226,23.7096774193548,319.58064516129,259,12,5,13.1540322580645,27,35,2025,8,"août",22,234,34,3,"vendredi",6,FALSE,FALSE,TRUE,FALSE,FALSE,FALSE,-0.866025403784438,-0.5,-0.78183148246803,0.623489801858733,-0.774884041367041,-0.632103411187349,135,FALSE,7,65,TRUE,66,3,68,114,46.2857142857143,32.5,50.2666666666667,30.8313384168029,1450,14.7142857142857
2025-08-23,42,42,16.6666666666667,22.547619047619,325.02380952381,287.5,9,1,13.5170634920635,13,29,2025,8,"août",23,235,34,3,"samedi",7,TRUE,FALSE,FALSE,FALSE,FALSE,FALSE,-0.866025403784438,-0.5,-0.000000000000000244921270764475,1,-0.785649855078714,-0.618671403262503,136,FALSE,8,64,TRUE,61,3,53,94,51.8571428571429,31.7142857142857,48.5333333333333,24.5996515654766,975,-9.85714285714285
2025-08-24,0,0,NA,NA,NA,NA,0,0,NA,NA,NA,2025,8,"août",24,236,34,3,"dimanche",1,TRUE,FALSE,FALSE,FALSE,FALSE,FALSE,-0.866025403784438,-0.5,0.78183148246803,0.623489801858734,-0.796182863782615,-0.605056069648849,137,FALSE,9,63,TRUE,42,0,0,110,51.8571428571429,31.7142857142857,44.8666666666667,24.5996515654766,0,-51.8571428571429
2025-08-25,56,60,31.6666666666667,22.8166666666667,351.466666666667,363,12,6,12.2569444444444,32,28,2025,8,"août",25,237,34,3,"lundi",2,FALSE,TRUE,FALSE,FALSE,TRUE,FALSE,-0.866025403784438,-0.5,0.974927912181824,-0.222520933956314,-0.806479946320945,-0.591261444863578,138,FALSE,10,62,TRUE,0,67,0,127,50.2857142857143,35.7142857142857,42.5,23.8097619035714,-16.1764705882353,5.71428571428572
2025-08-26,78,79,20.253164556962,24.6582278481013,287.227848101266,263,15,13,13.6590717299578,27,52,2025,8,"août",26,238,34,3,"mardi",3,FALSE,FALSE,FALSE,FALSE,TRUE,FALSE,-0.866025403784438,-0.5,0.433883739117558,-0.900968867902419,-0.816538051445916,-0.577291616551728,139,FALSE,11,61,TRUE,56,58,26,0,53.1428571428571,39.4285714285714,45.1,25.9899247878133,33.8983050847458,24.8571428571429
2025-08-27,72,76,36.8421052631579,23.0394736842105,316.236842105263,296.5,16,14,13.0006578947368,29,47,2025,8,"août",27,239,35,3,"mercredi",4,FALSE,FALSE,FALSE,FALSE,TRUE,FALSE,-0.866025403784438,-0.5,-0.433883739117558,-0.900968867902419,-0.826354198723909,-0.563150724274919,140,FALSE,12,60,TRUE,78,69,32,88,53.5714285714286,42.2857142857143,44.5666666666667,26.3176565753687,4.28571428571429,18.4285714285714
2025-08-28,83,86,26.7441860465116,24,326.53488372093,313,15,11,12.8742248062015,43,43,2025,8,"août",28,240,35,3,"jeudi",5,FALSE,FALSE,FALSE,FALSE,TRUE,FALSE,-0.866025403784438,-0.5,-0.974927912181824,-0.222520933956315,-0.835925479418636,-0.54884295828472,141,FALSE,13,59,TRUE,72,66,17,88,56,47,44.4,28.360771028541,25.3731343283582,27
2025-08-29,67,71,29.5774647887324,24.0140845070423,304.605633802817,217,14,4,13.4495305164319,30,41,2025,8,"août",29,241,35,3,"vendredi",6,FALSE,FALSE,TRUE,FALSE,TRUE,FALSE,-0.866025403784438,-0.5,-0.78183148246803,0.623489801858733,-0.845249057353063,-0.534372558280979,142,FALSE,14,58,TRUE,83,61,3,69,56.8571428571429,51.5714285714286,44.3333333333333,28.6264945544541,9.67741935483871,10.1428571428571
2025-08-30,66,68,26.4705882352941,21.6764705882353,328.044117647059,285.5,11,16,12.821568627451,32,36,2025,8,"août",30,242,35,3,"samedi",7,TRUE,FALSE,FALSE,FALSE,TRUE,FALSE,-0.866025403784438,-0.5,-0.000000000000000244921270764475,1,-0.854322169749827,-0.519743812155516,143,FALSE,15,57,TRUE,67,42,3,76,60.2857142857143,56.0714285714286,44,27.9804353415876,55.8139534883721,5.71428571428572
2025-08-31,0,0,NA,NA,NA,NA,0,0,NA,NA,NA,2025,8,"août",31,243,35,3,"dimanche",1,TRUE,FALSE,FALSE,FALSE,TRUE,FALSE,-0.866025403784438,-0.5,0.78183148246803,0.623489801858734,-0.863142128049912,-0.50496105472152,144,FALSE,16,56,TRUE,66,0,0,0,60.2857142857143,56.0714285714286,44,27.9804353415876,0,-60.2857142857143
2025-09-01,75,82,32.9268292682927,22.9268292682927,322.256097560976,284,12,14,12.7849593495935,42,40,2025,9,"septembre",1,244,35,3,"lundi",2,FALSE,TRUE,FALSE,TRUE,FALSE,FALSE,-1,-0.000000000000000183690953073357,0.974927912181824,-0.222520933956314,-0.871706318709322,-0.490028666429059,145,FALSE,17,55,FALSE,0,56,67,52,63,56.6428571428571,44.7666666666667,28.4136117615014,33.3333333333333,12
2025-09-02,95,96,22.9166666666667,26.4270833333333,259.885416666667,179.5,14,19,13.4947916666667,30,66,2025,9,"septembre",2,245,35,3,"mardi",3,FALSE,FALSE,FALSE,TRUE,FALSE,FALSE,-1,-0.000000000000000183690953073357,0.433883739117558,-0.900968867902419,-0.880012203973536,-0.47495107206705,146,FALSE,18,54,FALSE,75,78,58,0,65.4285714285714,59.2857142857143,47.9333333333333,30.555180372877,21.5189873417722,29.5714285714286
2025-09-03,98,98,23.469387755102,22.0204081632653,302.163265306122,283,13,18,13.4316326530612,45,53,2025,9,"septembre",3,246,36,3,"mercredi",4,FALSE,FALSE,FALSE,TRUE,FALSE,FALSE,-1,-0.000000000000000183690953073357,-0.433883739117558,-0.900968867902419,-0.888057322629493,-0.459732739452105,147,FALSE,19,53,FALSE,95,72,69,35,69.1428571428571,61.3571428571429,50.0333333333333,32.9718494650036,35.6164383561644,28.8571428571429
2025-09-04,2,2,0,23,649.5,649.5,2,0,10.6833333333333,2,0,2025,9,"septembre",4,247,36,3,"jeudi",5,FALSE,FALSE,FALSE,TRUE,FALSE,FALSE,-1,-0.000000000000000183690953073357,-0.974927912181824,-0.222520933956315,-0.895839290734909,-0.444378178104613,148,FALSE,20,52,FALSE,98,83,66,86,57.5714285714286,56.7857142857143,47.2333333333333,40.6237087706885,-96.4285714285714,-55.5714285714286
2025-09-05,80,84,17.8571428571429,23.6071428571429,266.702380952381,146.5,15,12,13.7847222222222,37,47,2025,9,"septembre",5,248,36,3,"vendredi",6,FALSE,FALSE,TRUE,TRUE,FALSE,FALSE,-1,-0.000000000000000183690953073357,-0.78183148246803,0.623489801858733,-0.903355802324684,-0.428891937912484,149,FALSE,21,51,FALSE,2,67,61,84,59.4285714285714,58.1428571428571,47.1,41.4160079472384,19.1176470588235,20.5714285714286
2025-09-06,114,114,24.5614035087719,22.3859649122807,314.157894736842,271.5,12,48,11.4019005847953,78,36,2025,9,"septembre",6,249,36,3,"samedi",7,TRUE,FALSE,FALSE,FALSE,FALSE,FALSE,-1,-0.000000000000000183690953073357,-0.000000000000000244921270764475,1,-0.910604630094216,-0.413278607782904,150,FALSE,22,50,FALSE,80,66,42,76,66.2857142857143,63.2857142857143,48.3666666666667,46.3634708425871,71.6417910447761,47.7142857142857
2025-09-07,0,0,NA,NA,NA,NA,0,0,NA,NA,NA,2025,9,"septembre",7,250,36,3,"dimanche",1,TRUE,FALSE,FALSE,FALSE,FALSE,FALSE,-1,-0.000000000000000183690953073357,0.78183148246803,0.623489801858734,-0.917583626059393,-0.397542814282557,151,FALSE,23,49,FALSE,114,0,0,68,66.2857142857143,63.2857142857143,46.1,46.3634708425871,0,-66.2857142857143
2025-09-08,66,68,17.6470588235294,22.9264705882353,285.205882352941,273,15,15,13.3058823529412,25,43,2025,9,"septembre",8,251,36,3,"lundi",2,FALSE,TRUE,FALSE,FALSE,FALSE,FALSE,-1,-0.000000000000000183690953073357,0.974927912181824,-0.222520933956314,-0.924290722193093,-0.381689220266659,152,FALSE,24,48,FALSE,0,75,56,53,65,64,46.5333333333333,46.2060602085917,-11.8421052631579,1
2025-09-09,72,73,27.3972602739726,22.7808219178082,262.904109589041,154,15,10,13.9260273972603,19,54,2025,9,"septembre",9,252,36,3,"mardi",3,FALSE,FALSE,FALSE,FALSE,FALSE,FALSE,-1,-0.000000000000000183690953073357,0.433883739117558,-0.900968867902419,-0.930723931037979,-0.365722523497269,153,FALSE,25,47,FALSE,66,95,78,0,61.7142857142857,63.5714285714286,48.9333333333333,44.5036114104398,-23.9583333333333,10.2857142857143
2025-09-10,65,66,27.2727272727273,23.030303030303,249.954545454545,152,12,11,14.0090909090909,21,45,2025,9,"septembre",10,253,37,3,"mercredi",4,FALSE,FALSE,FALSE,FALSE,FALSE,TRUE,-1,-0.000000000000000183690953073357,-0.433883739117558,-0.900968867902419,-0.936881346295432,-0.349647455251228,154,FALSE,26,46,FALSE,72,98,72,0,57,63.0714285714286,51.1,41.6773319683494,-33.3333333333333,8
2025-09-11,61,61,24.5901639344262,23.1803278688525,298.754098360656,239,12,14,12.9161202185792,23,38,2025,9,"septembre",11,254,37,3,"jeudi",5,FALSE,FALSE,FALSE,FALSE,FALSE,TRUE,-1,-0.000000000000000183690953073357,-0.974927912181824,-0.222520933956315,-0.942761143390421,-0.333468778918187,155,FALSE,27,45,FALSE,65,2,83,26,65.4285714285714,61.5,52.2666666666667,33.950243704855,1966.66666666667,-4.42857142857143
2025-09-12,40,43,20.9302325581395,22.953488372093,244.023255813953,159,12,9,13.7829457364341,16,27,2025,9,"septembre",12,255,37,3,"vendredi",6,FALSE,FALSE,TRUE,FALSE,FALSE,TRUE,-1,-0.000000000000000183690953073357,-0.78183148246803,0.623489801858733,-0.948361580012172,-0.317191288589106,156,FALSE,28,44,FALSE,61,80,67,32,59.7142857142857,59.5714285714286,52.5333333333333,34.4514841756456,-49.3827160493827,-19.7142857142857
2025-09-13,39,40,5,24.975,369.025,342.5,11,4,13.2129166666667,12,28,2025,9,"septembre",13,256,37,3,"samedi",7,TRUE,FALSE,FALSE,FALSE,FALSE,TRUE,-1,-0.000000000000000183690953073357,-0.000000000000000244921270764475,1,-0.953680996630445,-0.300819807635668,157,FALSE,29,43,FALSE,40,114,66,17,49,57.6428571428571,53.2666666666667,25.1661147842358,-65.2173913043478,-10
2025-09-14,0,0,NA,NA,NA,NA,0,0,NA,NA,NA,2025,9,"septembre",14,257,37,3,"dimanche",1,TRUE,FALSE,FALSE,FALSE,FALSE,TRUE,-1,-0.000000000000000183690953073357,0.78183148246803,0.623489801858734,-0.958717816987296,-0.284359187281004,158,FALSE,30,42,FALSE,39,0,0,3,49,57.6428571428571,53.1666666666667,25.1661147842358,0,-49
2025-09-15,83,87,28.735632183908,22.6551724137931,260.35632183908,235,16,23,13.4216475095785,30,57,2025,9,"septembre",15,258,37,3,"lundi",2,FALSE,TRUE,FALSE,FALSE,FALSE,TRUE,-1,-0.000000000000000183690953073357,0.974927912181824,-0.222520933956314,-0.963470548564149,-0.267814305162175,159,FALSE,31,41,FALSE,0,66,75,3,51.4285714285714,58.2142857142857,55.8333333333333,27.7660292615343,25.3731343283582,31.5714285714286
2025-09-16,86,90,28.8888888888889,23.6222222222222,306.511111111111,229,14,20,12.552037037037,36,54,2025,9,"septembre",16,259,37,3,"mardi",3,FALSE,FALSE,FALSE,FALSE,FALSE,TRUE,-1,-0.000000000000000183690953073357,0.433883739117558,-0.900968867902419,-0.967937783024064,-0.25119006388482,160,FALSE,32,40,FALSE,83,72,95,0,53.4285714285714,57.5714285714286,58.7,29.9157547281091,19.1780821917808,32.5714285714286
2025-09-17,64,68,20.5882352941176,23.0147058823529,286.632352941176,166.5,13,14,13.7487745098039,24,44,2025,9,"septembre",17,260,38,3,"mercredi",4,FALSE,FALSE,FALSE,FALSE,FALSE,TRUE,-1,-0.000000000000000183690953073357,-0.433883739117558,-0.900968867902419,-0.972118196629061,-0.234491389570411,161,FALSE,33,39,FALSE,86,65,98,67,53.2857142857143,55.1428571428571,58.6,29.8536110920956,-1.51515151515152,10.7142857142857
2025-09-18,78,84,23.8095238095238,22.9642857142857,323.357142857143,242.5,13,22,13.303373015873,25,59,2025,9,"septembre",18,261,38,3,"jeudi",5,FALSE,FALSE,FALSE,FALSE,FALSE,TRUE,-1,-0.000000000000000183690953073357,-0.974927912181824,-0.222520933956315,-0.976010550632368,-0.217723230396532,162,FALSE,34,38,FALSE,64,61,2,58,55.7142857142857,60.5714285714286,59.2666666666667,31.2448090926812,27.4193548387097,22.2857142857143
2025-09-19,75,76,19.7368421052632,22.2894736842105,367.25,337.5,13,14,13.5583333333333,28,48,2025,9,"septembre",19,262,38,3,"vendredi",6,FALSE,FALSE,TRUE,FALSE,FALSE,TRUE,-1,-0.000000000000000183690953073357,-0.78183148246803,0.623489801858733,-0.97961369164549,-0.200890555130635,163,FALSE,35,37,FALSE,78,40,80,69,60.7142857142857,60.2142857142857,59.4666666666667,31.1111678004019,85.3658536585366,14.2857142857143
2025-09-20,45,45,17.7777777777778,41.1111111111111,376.266666666667,350,12,9,13.3833333333333,18,27,2025,9,"septembre",20,263,38,3,"samedi",7,TRUE,FALSE,FALSE,FALSE,FALSE,TRUE,-1,-0.000000000000000183690953073357,-0.000000000000000244921270764475,1,-0.982926551979982,-0.18399835165768,164,FALSE,36,36,FALSE,75,39,114,66,61.5714285714286,55.2857142857143,58.7666666666667,30.4896547638547,15,-16.5714285714286
2025-09-21,0,0,NA,NA,NA,NA,0,0,NA,NA,NA,2025,9,"septembre",21,264,38,3,"dimanche",1,TRUE,FALSE,FALSE,FALSE,FALSE,FALSE,-1,-0.000000000000000183690953073357,0.78183148246803,0.623489801858734,-0.98594814996383,-0.167051625502119,165,FALSE,37,35,FALSE,45,0,0,61,61.5714285714286,55.2857142857143,56.7333333333333,30.4896547638547,0,-61.5714285714286
2025-09-22,62,66,25.7575757575758,22.0757575757576,258.651515151515,162.5,13,7,13.4075757575758,23,43,2025,9,"septembre",22,265,38,3,"lundi",2,FALSE,TRUE,FALSE,FALSE,FALSE,FALSE,-1,-0.000000000000000183690953073357,0.974927912181824,-0.222520933956314,-0.98867759023234,-0.150055398344653,166,FALSE,38,34,FALSE,0,83,66,42,58.5714285714286,55,57.4,29.0279011921125,-25,3.42857142857143
2025-09-23,57,60,21.6666666666667,24.5833333333333,307.583333333333,284.5,13,3,13.3402777777778,22,38,2025,9,"septembre",23,266,38,3,"mardi",3,FALSE,FALSE,FALSE,FALSE,FALSE,FALSE,-1,-0.000000000000000183690953073357,0.433883739117558,-0.900968867902419,-0.991114063993455,-0.133014706534196,167,FALSE,39,33,FALSE,62,86,72,0,54.4285714285714,53.9285714285714,59.3,26.4124790131303,-33.3333333333333,2.57142857142857
2025-09-24,62,65,27.6923076923077,22.6615384615385,285.215384615385,175,12,11,12.6312820512821,32,33,2025,9,"septembre",24,267,39,3,"mercredi",4,FALSE,FALSE,FALSE,FALSE,FALSE,FALSE,-1,-0.000000000000000183690953073357,-0.433883739117558,-0.900968867902419,-0.993256849267414,-0.115934599595501,168,FALSE,40,32,FALSE,57,64,65,56,54.1428571428571,53.7142857142857,59.5,26.302272217615,-3.07692307692308,7.85714285714285
2025-09-25,71,72,30.5555555555556,24.0138888888889,261.819444444444,210.5,12,13,13.8743055555556,29,43,2025,9,"septembre",25,268,39,3,"jeudi",5,FALSE,FALSE,FALSE,FALSE,TRUE,FALSE,-1,-0.000000000000000183690953073357,-0.974927912181824,-0.222520933956315,-0.995105311100697,-0.0988201387328721,169,FALSE,41,31,FALSE,62,78,61,78,53.1428571428571,54.4285714285714,59.2666666666667,25.3602613776526,-8.86075949367089,17.8571428571429
2025-09-26,49,51,15.6862745098039,22.3137254901961,207.117647058824,145,12,8,14.566339869281,14,37,2025,9,"septembre",26,269,39,3,"vendredi",6,FALSE,FALSE,TRUE,FALSE,TRUE,FALSE,-1,-0.000000000000000183690953073357,-0.78183148246803,0.623489801858733,-0.99665890175417,-0.0816763953304229,170,FALSE,42,30,FALSE,71,75,40,72,49.4285714285714,55.0714285714286,58.5,23.458169457264,-34.2105263157895,-0.428571428571431
2025-09-27,51,53,20.7547169811321,24.0943396226415,317.132075471698,227,12,12,12.8572327044025,21,32,2025,9,"septembre",27,270,39,3,"samedi",7,TRUE,FALSE,FALSE,FALSE,TRUE,FALSE,-1,-0.000000000000000183690953073357,-0.000000000000000244921270764475,1,-0.997917160865392,-0.0645084494493162,171,FALSE,43,29,FALSE,49,45,39,83,50.2857142857143,55.9285714285714,57.4333333333333,23.3788671361858,13.0434782608696,0.714285714285715
2025-09-28,0,0,NA,NA,NA,NA,0,0,NA,NA,NA,2025,9,"septembre",28,271,39,3,"dimanche",1,TRUE,FALSE,FALSE,FALSE,TRUE,FALSE,-1,-0.000000000000000183690953073357,0.78183148246803,0.623489801858734,-0.998879715585034,-0.0473213883224323,172,FALSE,44,28,FALSE,51,0,0,67,50.2857142857143,55.9285714285714,55.2,23.3788671361858,0,-50.2857142857143
2025-09-29,44,46,15.2173913043478,23.6739130434783,290.826086956522,222,12,11,12.6804347826087,19,27,2025,9,"septembre",29,272,39,3,"lundi",2,FALSE,TRUE,FALSE,FALSE,TRUE,FALSE,-1,-0.000000000000000183690953073357,0.974927912181824,-0.222520933956314,-0.999546280687357,-0.0301203048469084,173,FALSE,45,27,FALSE,0,62,83,66,47.7142857142857,53.1428571428571,54.4666666666667,22.8598212716423,-28.5714285714286,-3.71428571428572
2025-09-30,82,86,22.093023255814,23.3372093023256,288.976744186047,234,14,13,13.5164728682171,27,59,2025,9,"septembre",30,273,39,3,"mardi",3,FALSE,FALSE,FALSE,FALSE,TRUE,FALSE,-1,-0.000000000000000183690953073357,0.433883739117558,-0.900968867902419,-0.999916658654738,-0.0129102960750088,174,FALSE,46,26,FALSE,44,57,86,0,51.2857142857143,52.8571428571429,57.2,26.2533444581466,43.1034482758621,30.7142857142857
2025-10-01,38,39,23.0769230769231,24.5641025641026,270.948717948718,179,12,2,14.0444444444444,10,29,2025,10,"octobre",1,274,40,4,"mercredi",4,FALSE,FALSE,FALSE,TRUE,FALSE,FALSE,-0.866025403784439,0.5,-0.433883739117558,-0.900968867902419,-0.99999073973619,0.00430353829624382,175,FALSE,47,25,FALSE,82,62,64,75,47.8571428571429,51,55.9666666666667,26.1879652476004,-38.0952380952381,-9.85714285714285
2025-10-02,76,78,23.0769230769231,23.9615384615385,235.692307692308,179.5,11,10,13.9358974358974,23,55,2025,10,"octobre",2,275,40,4,"jeudi",5,FALSE,FALSE,FALSE,TRUE,FALSE,FALSE,-0.866025403784439,0.5,-0.974927912181824,-0.222520933956315,-0.999768501979891,0.0215160974362222,176,FALSE,48,24,FALSE,38,71,78,95,48.5714285714286,50.8571428571429,55.3333333333333,26.9805926723707,6.94444444444444,27.4285714285714
2025-10-03,172,175,20,21.7028571428571,248.16,214,15,89,15.25,25,150,2025,10,"octobre",3,276,40,4,"vendredi",6,FALSE,FALSE,TRUE,TRUE,FALSE,FALSE,-0.866025403784439,0.5,-0.78183148246803,0.623489801858733,-0.999250011239683,0.038722280892174,177,FALSE,49,23,FALSE,76,49,75,98,66.1428571428571,57.7857142857143,57.8,53.9148358414409,246,105.857142857143
2025-10-04,180,182,16.4835164835165,21.3406593406593,543.357142857143,641,11,51,10.9462454212454,134,48,2025,10,"octobre",4,277,40,4,"samedi",7,TRUE,FALSE,FALSE,TRUE,FALSE,FALSE,-0.866025403784439,0.5,-0.000000000000000244921270764475,1,-0.998435421155564,0.055916990100603,178,FALSE,50,22,FALSE,172,51,45,2,84.5714285714286,67.4285714285714,63.7333333333333,68.0657945002656,248.076923076923,95.4285714285714
2025-10-05,65,65,21.5384615384615,21.1846153846154,656.984615384615,726,8,6,10.8835897435897,48,17,2025,10,"octobre",5,278,40,4,"dimanche",1,TRUE,FALSE,FALSE,TRUE,FALSE,FALSE,-0.866025403784439,0.5,0.78183148246803,0.623489801858734,-0.997324973108155,0.0730951298980778,179,FALSE,51,21,FALSE,180,0,0,80,93.8571428571429,72.0714285714286,63.2333333333333,58.3450328403615,6500,-28.8571428571429
2025-10-06,53,53,28.3018867924528,23.3396226415094,239.867924528302,180,13,9,13.6022012578616,16,37,2025,10,"octobre",6,279,40,4,"lundi",2,FALSE,TRUE,FALSE,FALSE,FALSE,FALSE,-0.866025403784439,0.5,0.974927912181824,-0.222520933956314,-0.995918996147179,0.0902516100310407,180,FALSE,52,20,FALSE,65,44,62,114,95.1428571428571,71.4285714285714,61.2,57.1501781024596,20,-42.1428571428571
2025-10-07,82,85,27.0588235294118,24.8,266.894117647059,202,14,18,12.8121568627451,42,43,2025,10,"octobre",7,280,40,4,"mardi",3,FALSE,FALSE,FALSE,FALSE,FALSE,FALSE,-0.866025403784439,0.5,0.433883739117558,-0.900968867902419,-0.994217906893952,0.107381346664163,181,FALSE,53,19,FALSE,53,82,57,0,95.1428571428571,73.2142857142857,63.9333333333333,57.1501781024596,0,-13.1428571428571
2025-10-08,59,61,24.5901639344262,23.5081967213115,302.508196721311,213,16,7,14.1101092896175,13,48,2025,10,"octobre",8,281,41,4,"mercredi",4,FALSE,FALSE,FALSE,FALSE,FALSE,FALSE,-0.866025403784439,0.5,-0.433883739117558,-0.900968867902419,-0.992222209417932,0.124479263886789,182,FALSE,54,18,FALSE,82,38,62,66,98.1428571428571,73,63.7,54.121556307472,53.8461538461538,-39.1428571428571
2025-10-09,81,84,25,23.1785714285714,291.988095238095,214,14,10,13.440873015873,30,54,2025,10,"octobre",9,282,41,4,"jeudi",5,FALSE,FALSE,FALSE,FALSE,FALSE,FALSE,-0.866025403784439,0.5,-0.974927912181824,-0.222520933956315,-0.989932495087353,0.141540295217043,183,FALSE,55,17,FALSE,59,76,71,72,98.8571428571429,73.7142857142857,64,53.8127264112266,6.49350649350649,-17.8571428571429
2025-10-10,80,80,33.75,22.3875,235.0375,157.5,14,6,13.505625,23,57,2025,10,"octobre",10,283,41,4,"vendredi",6,FALSE,FALSE,TRUE,FALSE,FALSE,TRUE,-0.866025403784439,0.5,-0.78183148246803,0.623489801858733,-0.987349442393986,0.158559385103135,184,FALSE,56,16,FALSE,81,172,49,65,85.7142857142857,75.9285714285714,64.5,43.1497944595888,-53.1791907514451,-5.71428571428571
2025-10-11,31,32,37.5,22.96875,261.15625,257.5,10,3,12.8135416666667,13,19,2025,10,"octobre",11,284,41,4,"samedi",7,TRUE,FALSE,FALSE,FALSE,FALSE,TRUE,-0.866025403784439,0.5,-0.000000000000000244921270764475,1,-0.984473816752092,0.175531490421428,185,FALSE,57,15,FALSE,80,180,51,61,64.4285714285714,74.5,63.5,18.7248243681763,-82.3204419889503,-33.4285714285714
2025-10-12,0,0,NA,NA,NA,NA,0,0,NA,NA,NA,2025,10,"octobre",12,285,41,4,"dimanche",1,TRUE,FALSE,FALSE,FALSE,FALSE,TRUE,-0.866025403784439,0.5,0.78183148246803,0.623489801858734,-0.981306470271609,0.19245158197083,186,FALSE,58,14,FALSE,31,65,0,40,55.1428571428571,74.5,62.1666666666667,30.6889153247475,-98.4848484848485,-55.1428571428571
2025-10-13,64,67,19.4029850746269,23.0149253731343,253.970149253731,188,12,11,13.3855721393035,23,44,2025,10,"octobre",13,286,41,4,"lundi",2,FALSE,TRUE,FALSE,FALSE,FALSE,TRUE,-0.866025403784439,0.5,0.974927912181824,-0.222520933956314,-0.977848341505657,0.209314645963049,187,FALSE,59,13,FALSE,0,53,44,39,56.7142857142857,75.9285714285714,63,30.8421480321669,20.3703703703704,7.28571428571428
2025-10-14,62,63,23.8095238095238,23.952380952381,394.619047619048,403,12,8,13.0031746031746,24,39,2025,10,"octobre",14,287,41,4,"mardi",3,FALSE,FALSE,FALSE,FALSE,FALSE,TRUE,-0.866025403784439,0.5,0.433883739117558,-0.900968867902419,-0.974100455172421,0.226115685508288,188,FALSE,60,12,FALSE,64,82,82,0,53.8571428571429,74.5,65.0666666666667,28.979467279602,-24.0963855421687,8.14285714285715
2025-10-15,68,70,21.4285714285714,22.6,226.957142857143,161.5,9,8,13.975,19,51,2025,10,"octobre",15,288,42,4,"mercredi",4,FALSE,FALSE,FALSE,FALSE,FALSE,TRUE,-0.866025403784439,0.5,-0.433883739117558,-0.900968867902419,-0.970063921851507,0.242849722095936,189,FALSE,61,11,FALSE,62,59,38,83,55.1428571428571,76.6428571428571,64.5666666666667,29.4416290957128,15,12.8571428571429
2025-10-16,38,40,32.5,23.775,266.125,235.5,11,2,13.3904166666667,13,27,2025,10,"octobre",16,289,42,4,"jeudi",5,FALSE,FALSE,FALSE,FALSE,FALSE,TRUE,-0.866025403784439,0.5,-0.974927912181824,-0.222520933956315,-0.965739937654855,0.259511797069799,190,FALSE,62,10,FALSE,68,81,76,86,49,73.9285714285714,62.9666666666667,27.5741424768447,-52.4390243902439,-11
2025-10-17,86,86,36.046511627907,23.0813953488372,249.46511627907,213.5,12,25,15.2732558139535,20,66,2025,10,"octobre",17,290,42,4,"vendredi",6,FALSE,FALSE,TRUE,FALSE,FALSE,TRUE,-0.866025403784439,0.5,-0.78183148246803,0.623489801858733,-0.961129783872301,0.276096973097469,191,FALSE,63,9,FALSE,38,80,172,64,49.8571428571429,67.7857142857143,63.7,28.7658858802608,7.40740740740741,36.1428571428571
2025-10-18,45,45,20,23.7333333333333,295.844444444444,233,14,13,14.1896296296296,11,34,2025,10,"octobre",18,291,42,4,"samedi",7,TRUE,FALSE,FALSE,FALSE,FALSE,TRUE,-0.866025403784439,0.5,-0.000000000000000244921270764475,1,-0.956234826591906,0.292600335633348,192,FALSE,64,8,FALSE,86,31,180,78,51.8571428571429,58.1428571428571,62.6,27.70336063506,43.75,-6.85714285714285
2025-10-19,0,0,NA,NA,NA,NA,0,0,NA,NA,NA,2025,10,"octobre",19,292,42,4,"dimanche",1,TRUE,FALSE,FALSE,FALSE,FALSE,TRUE,-0.866025403784439,0.5,0.78183148246803,0.623489801858734,-0.951056516295154,0.309016994374947,193,FALSE,65,7,FALSE,45,0,65,75,51.8571428571429,53.5,60.1,27.70336063506,0,-51.8571428571429
2025-10-20,59,59,23.728813559322,23.135593220339,260.084745762712,233,12,7,13.4774011299435,18,41,2025,10,"octobre",20,293,42,4,"lundi",2,FALSE,TRUE,FALSE,FALSE,FALSE,TRUE,-0.866025403784439,0.5,0.974927912181824,-0.222520933956314,-0.945596387427143,0.32534208471198,194,FALSE,66,6,FALSE,0,64,53,45,51.1428571428571,53.9285714285714,60.5666666666667,27.400903704249,-7.69230769230769,7.85714285714285
2025-10-21,47,49,16.3265306122449,23.5510204081633,253.857142857143,194,10,6,13.1544217687075,16,33,2025,10,"octobre",21,294,42,4,"mardi",3,FALSE,FALSE,FALSE,FALSE,FALSE,FALSE,-0.866025403784439,0.5,0.433883739117558,-0.900968867902419,-0.939856057941895,0.341570769167856,195,FALSE,67,5,FALSE,59,62,82,0,49,51.4285714285714,62.1333333333333,26.9938264547038,-23.8095238095238,-2
2025-10-22,63,63,19.047619047619,23.7142857142857,293.650793650794,217,14,5,13.7415343915344,23,40,2025,10,"octobre",22,295,43,4,"mercredi",4,FALSE,FALSE,FALSE,FALSE,FALSE,FALSE,-0.866025403784439,0.5,-0.433883739117558,-0.900968867902419,-0.933837228822925,0.357698238833125,196,FALSE,68,4,FALSE,47,68,59,62,48.2857142857143,51.7142857142857,62.1666666666667,26.4683098926136,-7.2463768115942,14.7142857142857
2025-10-23,54,56,23.2142857142857,23.5714285714286,291.482142857143,238.5,9,6,13.8142857142857,18,38,2025,10,"octobre",23,296,43,4,"jeudi",5,FALSE,FALSE,FALSE,FALSE,FALSE,FALSE,-0.866025403784439,0.5,-0.974927912181824,-0.222520933956315,-0.927541683579197,0.373719714790469,197,FALSE,69,3,FALSE,63,38,81,57,50.5714285714286,49.7857142857143,62.0666666666667,26.1205994243186,41.025641025641,3.42857142857143
2025-10-24,67,68,19.1176470588235,22.75,278.647058823529,195.5,11,6,14.0247549019608,17,51,2025,10,"octobre",24,297,43,4,"vendredi",6,FALSE,FALSE,TRUE,FALSE,FALSE,FALSE,-0.866025403784439,0.5,-0.78183148246803,0.623489801858733,-0.920971287716635,0.389630449530788,198,FALSE,70,2,FALSE,54,86,80,62,47.8571428571429,48.8571428571429,62.2333333333333,22.5715792641142,-21.8390804597701,19.1428571428571
2025-10-25,78,79,21.5189873417722,23.3291139240506,351.79746835443,349,12,26,12.4727848101266,45,34,2025,10,"octobre",25,298,43,4,"samedi",7,TRUE,FALSE,FALSE,FALSE,TRUE,FALSE,-0.866025403784439,0.5,-0.000000000000000244921270764475,1,-0.914127988185334,0.405425728359997,199,FALSE,71,1,FALSE,67,45,31,71,52.5714285714286,52.2142857142857,62.4666666666667,25.1717907114104,71.7391304347826,25.4285714285714
2025-10-26,0,0,NA,NA,NA,NA,0,0,NA,NA,NA,2025,10,"octobre",26,299,43,4,"dimanche",1,TRUE,FALSE,FALSE,FALSE,TRUE,FALSE,-0.866025403784439,0.5,0.78183148246803,0.623489801858734,-0.907013812802636,0.421100870796089,200,TRUE,72,6,FALSE,78,0,0,49,52.5714285714286,52.2142857142857,60.8333333333333,25.1717907114104,0,-52.5714285714286
2025-10-27,44,44,22.7272727272727,24.5681818181818,329.090909090909,310,12,5,12.5151515151515,21,23,2025,10,"octobre",27,300,43,4,"lundi",2,FALSE,TRUE,FALSE,FALSE,TRUE,FALSE,-0.866025403784439,0.5,0.974927912181824,-0.222520933956314,-0.899630869652243,0.436651231956064,201,FALSE,1,5,FALSE,0,59,64,51,50.4285714285714,50.7857142857143,60.6,25.1717907114104,-25,-6.42857142857143
2025-10-28,54,54,20.3703703703704,24.5,300.407407407407,277.5,13,8,13.0817901234568,18,36,2025,10,"octobre",28,301,43,4,"mardi",3,FALSE,FALSE,FALSE,FALSE,TRUE,FALSE,-0.866025403784439,0.5,0.433883739117558,-0.900968867902419,-0.891981346459549,0.452072203932304,202,FALSE,2,4,FALSE,44,47,62,0,51.4285714285714,50.2142857142857,62.4,25.1519193625267,14.5833333333333,2.57142857142857
2025-10-29,43,43,23.2558139534884,24.3023255813953,257.604651162791,195,11,0,13.7007751937984,14,29,2025,10,"octobre",29,302,44,4,"mercredi",4,FALSE,FALSE,FALSE,FALSE,TRUE,FALSE,-0.866025403784439,0.5,-0.433883739117558,-0.900968867902419,-0.884067509943364,0.467359217158002,203,FALSE,3,3,FALSE,54,63,68,44,48.5714285714286,48.4285714285714,62.3666666666667,24.7511423497795,-31.25,-5.57142857142857
2025-10-30,63,65,18.4615384615385,24.0769230769231,336.138461538462,286,12,10,12.8228205128205,29,36,2025,10,"octobre",30,303,44,4,"jeudi",5,FALSE,FALSE,FALSE,FALSE,TRUE,FALSE,-0.866025403784439,0.5,-0.974927912181824,-0.222520933956315,-0.875891705144243,0.482507741761218,204,FALSE,4,2,FALSE,43,54,38,82,49.8571428571429,50.2142857142857,61.7333333333333,25.3076310719947,16.3636363636364,13.1428571428571
2025-10-31,59,64,15.625,23.109375,236.421875,144.5,12,17,13.8171875,23,41,2025,10,"octobre",31,304,44,4,"vendredi",6,FALSE,FALSE,TRUE,FALSE,TRUE,FALSE,-0.866025403784439,0.5,-0.78183148246803,0.623489801858733,-0.867456354729597,0.49751328890718,205,FALSE,5,1,FALSE,63,67,86,38,48.7142857142857,48.2857142857143,62.4333333333333,24.5744737869351,-11.7647058823529,10.2857142857143
2025-11-01,32,32,18.75,23.9375,357.625,299.5,8,1,13.9760416666667,11,21,2025,11,"novembre",1,305,44,4,"samedi",7,TRUE,FALSE,FALSE,TRUE,FALSE,FALSE,-0.5,0.866025403784438,-0.000000000000000244921270764475,1,-0.858763958275803,0.512371412128424,206,TRUE,6,29,FALSE,59,78,45,76,42.1428571428571,47.3571428571429,60.9666666666667,21.3808993529939,-58.2278481012658,-10.1428571428571
2025-11-02,0,0,NA,NA,NA,NA,0,0,NA,NA,NA,2025,11,"novembre",2,306,44,4,"dimanche",1,TRUE,FALSE,FALSE,TRUE,FALSE,FALSE,-0.5,0.866025403784438,0.78183148246803,0.623489801858734,-0.849817091527528,0.527077708642372,207,FALSE,1,28,FALSE,32,0,0,172,42.1428571428571,47.3571428571429,55.2333333333333,21.3808993529939,0,-42.1428571428571
2025-11-03,58,62,27.4193548387097,22.8548387096774,290.290322580645,186.5,12,9,13.5462365591398,16,46,2025,11,"novembre",3,307,44,4,"lundi",2,FALSE,TRUE,FALSE,TRUE,FALSE,FALSE,-0.5,0.866025403784438,0.974927912181824,-0.222520933956314,-0.840618405634478,0.541627820655981,208,FALSE,2,27,FALSE,0,44,59,180,44.1428571428571,47.2857142857143,51.1666666666667,22.2218253932822,31.1111111111111,13.8571428571429
2025-11-04,62,62,24.1935483870968,24.3548387096774,255.177419354839,174.5,13,8,13.7279569892473,25,37,2025,11,"novembre",4,308,44,4,"mardi",3,FALSE,FALSE,FALSE,TRUE,FALSE,FALSE,-0.5,0.866025403784438,0.433883739117558,-0.900968867902419,-0.831170626365808,0.556017436657045,209,FALSE,3,26,FALSE,58,54,47,65,45.2857142857143,48.3571428571429,51.0666666666667,23.0051754011591,14.5454545454545,16.7142857142857
2025-11-05,68,70,24.2857142857143,24.4571428571429,311.228571428571,234.5,16,8,13.1152380952381,27,43,2025,11,"novembre",5,309,45,4,"mercredi",4,FALSE,FALSE,FALSE,TRUE,FALSE,FALSE,-0.5,0.866025403784438,-0.433883739117558,-0.900968867902419,-0.821476553302415,0.570242292691787,210,FALSE,4,25,FALSE,62,43,63,53,48.8571428571429,48.7142857142857,51.5666666666667,24.4842028760626,56.8181818181818,19.1428571428571
2025-11-06,57,62,17.741935483871,24.0806451612903,287.564516129032,205.5,13,7,13.3185483870968,20,42,2025,11,"novembre",6,310,45,4,"jeudi",5,FALSE,FALSE,FALSE,FALSE,FALSE,FALSE,-0.5,0.866025403784438,-0.974927912181824,-0.222520933956315,-0.811539059007361,0.584298173628368,211,FALSE,5,24,FALSE,68,63,54,82,48,48.9285714285714,50.7333333333333,24.0069434400411,-9.375,9
2025-11-07,65,68,22.0588235294118,22.5,277.897058823529,177.5,14,4,14.2350490196078,19,49,2025,11,"novembre",7,311,45,4,"vendredi",6,FALSE,FALSE,TRUE,FALSE,FALSE,FALSE,-0.5,0.866025403784438,-0.78183148246803,0.623489801858733,-0.801361088174677,0.598180914405916,212,FALSE,6,23,FALSE,57,59,67,59,48.8571428571429,48.7857142857143,50.9333333333333,24.5657523897842,10,16.1428571428571
2025-11-08,58,60,38.3333333333333,23.1333333333333,336.683333333333,258,13,10,13.2569444444444,25,35,2025,11,"novembre",8,312,45,4,"samedi",7,TRUE,FALSE,FALSE,FALSE,FALSE,FALSE,-0.5,0.866025403784438,-0.000000000000000244921270764475,1,-0.790945656756777,0.611886401268724,213,FALSE,7,22,FALSE,65,32,78,81,52.5714285714286,47.3571428571429,50.1666666666667,23.5361930004064,78.7878787878788,5.42857142857143
2025-11-09,0,0,NA,NA,NA,NA,0,0,NA,NA,NA,2025,11,"novembre",9,313,45,4,"dimanche",1,TRUE,FALSE,FALSE,FALSE,FALSE,FALSE,-0.5,0.866025403784438,0.78183148246803,0.623489801858734,-0.780295851070776,0.625410572985246,214,FALSE,8,21,FALSE,58,0,0,80,52.5714285714286,47.3571428571429,47.5,23.5361930004064,0,-52.5714285714286
2025-11-10,58,59,28.8135593220339,24.1864406779661,303.372881355932,249,12,11,13.3728813559322,24,35,2025,11,"novembre",10,314,45,4,"lundi",2,FALSE,TRUE,FALSE,FALSE,FALSE,TRUE,-0.5,0.866025403784438,0.974927912181824,-0.222520933956314,-0.769414826883938,0.638749422051527,215,FALSE,9,20,FALSE,0,58,44,31,52.5714285714286,48.3571428571429,48.4,23.5361930004064,0,5.42857142857143
2025-11-11,63,63,22.2222222222222,23.4285714285714,294.444444444444,261,12,11,13.2164021164021,25,38,2025,11,"novembre",11,315,45,4,"mardi",3,FALSE,FALSE,FALSE,FALSE,FALSE,TRUE,-0.5,0.866025403784438,0.433883739117558,-0.900968867902419,-0.758305808478563,0.651898995878712,216,FALSE,10,19,FALSE,58,62,54,0,52.7142857142857,49,50.5,23.6058911129848,1.58730158730159,10.2857142857143
2025-11-12,79,83,27.710843373494,24.144578313253,198.710843373494,114,14,18,13.9686746987952,27,56,2025,11,"novembre",12,316,46,4,"mercredi",4,FALSE,FALSE,FALSE,FALSE,FALSE,TRUE,-0.5,0.866025403784438,-0.433883739117558,-0.900968867902419,-0.746972087696555,0.664855397964287,217,FALSE,11,18,FALSE,63,68,43,64,54.2857142857143,51.5714285714286,51,25.1111813455964,15.9420289855072,24.7142857142857
2025-11-13,57,64,34.375,24.421875,202.96875,103,8,10,14.4526041666667,26,38,2025,11,"novembre",13,317,46,4,"jeudi",5,FALSE,FALSE,FALSE,FALSE,FALSE,TRUE,-0.5,0.866025403784438,-0.974927912181824,-0.222520933956315,-0.735417022963986,0.677614789046689,218,FALSE,12,17,FALSE,79,57,63,62,54.2857142857143,51.1428571428571,50.8333333333333,25.1111813455964,0,2.71428571428572
2025-11-14,76,83,22.8915662650602,24.1686746987952,200.903614457831,125,13,18,14.2120481927711,23,60,2025,11,"novembre",14,318,46,4,"vendredi",6,FALSE,FALSE,TRUE,FALSE,FALSE,TRUE,-0.5,0.866025403784438,-0.78183148246803,0.623489801858733,-0.723644038295912,0.690173388242972,219,FALSE,13,16,FALSE,57,65,59,68,55.8571428571429,52.3571428571429,51.1,26.2134098724843,16.6666666666667,20.1428571428571
2025-11-15,65,66,27.2727272727273,22.8333333333333,172.712121212121,140,12,23,14.1017676767677,11,55,2025,11,"novembre",15,319,46,4,"samedi",7,TRUE,FALSE,FALSE,FALSE,FALSE,TRUE,-0.5,0.866025403784438,-0.000000000000000244921270764475,1,-0.711656622281775,0.702527474169157,220,FALSE,14,15,FALSE,76,58,32,38,56.8571428571429,54.7142857142857,52,26.4413096714754,11.864406779661,8.14285714285715
2025-11-16,10,10,50,22.9,76.4,-1,6,6,13.9533333333333,3,7,2025,11,"novembre",16,320,46,4,"dimanche",1,TRUE,FALSE,FALSE,FALSE,FALSE,TRUE,-0.5,0.866025403784438,0.78183148246803,0.623489801858734,-0.699458327051647,0.714673386042961,221,FALSE,15,14,FALSE,65,0,0,86,58.2857142857143,55.4285714285714,49.4666666666667,22.8889659422343,1000,-48.2857142857143
2025-11-17,53,56,26.7857142857143,24.3392857142857,221.857142857143,192,12,4,12.7875,27,29,2025,11,"novembre",17,321,46,4,"lundi",2,FALSE,TRUE,FALSE,FALSE,FALSE,TRUE,-0.5,0.866025403784438,0.974927912181824,-0.222520933956314,-0.687052767223667,0.726607524768565,222,FALSE,16,13,FALSE,10,58,58,45,57.5714285714286,55.0714285714286,49.7333333333333,22.977214386265,-8.47457627118644,-4.57142857142857
2025-11-18,42,43,25.5813953488372,23.4418604651163,212.720930232558,127,11,2,13.5038759689922,14,29,2025,11,"novembre",18,322,46,4,"mardi",3,FALSE,FALSE,FALSE,FALSE,FALSE,TRUE,-0.5,0.866025403784438,0.433883739117558,-0.900968867902419,-0.674443618832946,0.738326354003106,223,FALSE,17,12,FALSE,53,63,62,0,54.5714285714286,53.6428571428571,51.1333333333333,23.5149395268706,-32.8125,-12.5714285714286
2025-11-19,59,61,31.1475409836066,23.344262295082,131.065573770492,47,14,16,14.0497267759563,18,43,2025,11,"novembre",19,323,47,4,"mercredi",4,FALSE,FALSE,FALSE,FALSE,FALSE,TRUE,-0.5,0.866025403784438,-0.433883739117558,-0.900968867902419,-0.661634618242279,0.749826401204568,224,FALSE,18,11,FALSE,42,79,68,59,51.7142857142857,53,51.1333333333333,21.1480045214222,-25,7.28571428571428
2025-11-20,46,49,22.4489795918367,24.0204081632653,207.918367346939,133,11,6,12.4037414965986,29,20,2025,11,"novembre",20,324,47,4,"jeudi",5,FALSE,FALSE,FALSE,FALSE,FALSE,TRUE,-0.5,0.866025403784438,-0.974927912181824,-0.222520933956315,-0.648629561034982,0.761104258660774,225,FALSE,19,10,FALSE,59,57,57,47,50.1428571428571,52.2142857142857,51.1,21.0984088770423,-18.9655172413793,-4.14285714285715
2025-11-21,88,91,24.1758241758242,23.2197802197802,141.989010989011,113,13,27,16.1983516483516,16,75,2025,11,"novembre",21,325,47,4,"vendredi",6,FALSE,FALSE,TRUE,FALSE,FALSE,FALSE,-0.5,0.866025403784438,-0.78183148246803,0.623489801858733,-0.635432300890178,0.772156584499164,226,FALSE,20,9,FALSE,46,76,65,63,51.8571428571429,53.8571428571429,51.9333333333333,23.8567151373121,15.5844155844156,36.1428571428571
2025-11-22,41,41,21.9512195121951,24.3414634146341,207.560975609756,190,11,11,13.5666666666667,13,28,2025,11,"novembre",22,326,47,4,"samedi",7,TRUE,FALSE,FALSE,FALSE,FALSE,FALSE,-0.5,0.866025403784438,-0.000000000000000244921270764475,1,-0.622046748440868,0.782980103677063,227,FALSE,21,8,FALSE,88,65,58,54,48.4285714285714,52.6428571428571,51.5,23.3727558128201,-36.3636363636364,-7.42857142857143
2025-11-23,0,0,NA,NA,NA,NA,0,0,NA,NA,NA,2025,11,"novembre",23,327,47,4,"dimanche",1,TRUE,FALSE,FALSE,FALSE,FALSE,FALSE,-0.5,0.866025403784438,0.78183148246803,0.623489801858734,-0.608476870115126,0.793571608952147,228,FALSE,22,7,FALSE,41,10,0,67,47,52.6428571428571,49.2666666666667,26.2424592343528,-90.9090909090909,-47
2025-11-24,41,42,16.6666666666667,22.7142857142857,184.761904761905,97,10,2,13.5626984126984,12,30,2025,11,"novembre",24,328,47,4,"lundi",2,FALSE,TRUE,FALSE,FALSE,FALSE,FALSE,-0.5,0.866025403784438,0.974927912181824,-0.222520933956314,-0.594726686960764,0.803927961832821,229,FALSE,23,6,FALSE,0,53,58,78,45.2857142857143,51.4285714285714,48.0333333333333,26.1770528371338,-22.2222222222222,-4.28571428571428
2025-11-25,30,30,23.3333333333333,24.2,177.466666666667,70.5,12,8,12.7588888888889,12,18,2025,11,"novembre",25,329,47,4,"mardi",3,FALSE,FALSE,FALSE,FALSE,TRUE,FALSE,-0.5,0.866025403784438,0.433883739117558,-0.900968867902419,-0.580800273453801,0.814046093508218,230,FALSE,24,5,FALSE,41,42,63,0,43.5714285714286,49.0714285714286,49.0333333333333,26.8132873954758,-27.906976744186,-13.5714285714286
2025-11-26,34,34,14.7058823529412,22.3529411764706,163.411764705882,83.5,8,8,13.5578431372549,11,23,2025,11,"novembre",26,330,48,4,"mercredi",4,FALSE,FALSE,FALSE,FALSE,TRUE,FALSE,-0.5,0.866025403784438,-0.433883739117558,-0.900968867902419,-0.566701756291118,0.823923005757554,231,FALSE,25,4,FALSE,30,59,79,44,40,45.8571428571429,48.7,26.0704174624548,-41.6666666666667,-6
2025-11-27,48,48,33.3333333333333,23.1041666666667,146.895833333333,122,11,4,12.7385416666667,25,23,2025,11,"novembre",27,331,48,4,"jeudi",5,FALSE,FALSE,FALSE,FALSE,TRUE,FALSE,-0.5,0.866025403784438,-0.974927912181824,-0.222520933956315,-0.55243531316762,0.83355577183857,232,FALSE,26,3,FALSE,34,46,57,54,40.2857142857143,45.2142857142857,48.5,26.1579451646741,4.25531914893617,7.71428571428572
2025-11-28,37,39,25.6410256410256,22.5641025641026,122.384615384615,106,12,7,14.3452991452991,10,29,2025,11,"novembre",28,332,48,4,"vendredi",6,FALSE,FALSE,TRUE,FALSE,TRUE,FALSE,-0.5,0.866025403784438,-0.78183148246803,0.623489801858733,-0.538005171538299,0.842941537354783,233,FALSE,27,2,FALSE,48,88,76,43,33,42.4285714285714,48.3,15.6418242755334,-57.3033707865169,4
2025-11-29,24,24,25,23.2083333333333,138.333333333333,88.5,10,4,12.9055555555556,11,13,2025,11,"novembre",29,333,48,4,"samedi",7,TRUE,FALSE,FALSE,FALSE,TRUE,FALSE,-0.5,0.866025403784438,-0.000000000000000244921270764475,1,-0.52341560736555,0.852077521101309,234,FALSE,28,1,FALSE,37,41,65,63,30.5714285714286,39.5,47,15.5119001936915,-40.4761904761905,-6.57142857142857
2025-11-30,0,0,NA,NA,NA,NA,0,0,NA,NA,NA,2025,11,"novembre",30,334,48,4,"dimanche",1,TRUE,FALSE,FALSE,FALSE,TRUE,FALSE,-0.5,0.866025403784438,0.78183148246803,0.623489801858734,-0.508670943852104,0.860961015888995,235,TRUE,29,25,FALSE,24,0,10,59,30.5714285714286,38.7857142857143,45.0333333333333,15.5119001936915,0,-30.5714285714286
2025-12-01,48,48,20.8333333333333,22.7916666666667,184.791666666667,152,12,6,13.8854166666667,16,32,2025,12,"décembre",1,335,48,4,"lundi",2,FALSE,TRUE,FALSE,TRUE,FALSE,FALSE,-0.000000000000000244921270764475,1,0.974927912181824,-0.222520933956314,-0.493775550159977,0.869589389346611,236,FALSE,1,24,FALSE,0,41,53,32,31.5714285714286,38.4285714285714,45.5666666666667,16.4909787748448,16.6666666666667,16.4285714285714
2025-12-02,60,60,15,23.5333333333333,189.616666666667,127.5,14,7,12.8013888888889,23,37,2025,12,"décembre",2,336,48,4,"mardi",3,FALSE,FALSE,FALSE,TRUE,FALSE,FALSE,-0.000000000000000244921270764475,1,0.433883739117558,-0.900968867902419,-0.478733840115788,0.877960084700888,237,FALSE,2,23,FALSE,48,30,42,0,35.8571428571429,39.7142857142857,47.5666666666667,19.6165624870802,96.7741935483871,24.1428571428571
2025-12-03,42,43,27.906976744186,22.4418604651163,252.871794871795,156,12,5,12.8635658914729,19,24,2025,12,"décembre",3,337,49,4,"mercredi",4,FALSE,FALSE,FALSE,TRUE,FALSE,FALSE,-0.000000000000000244921270764475,1,-0.433883739117558,-0.900968867902419,-0.463550270902851,0.886070621534138,238,FALSE,3,22,FALSE,60,34,59,58,37,38.5,47.0333333333333,19.723082923316,22.8571428571429,5
2025-12-04,46,47,14.8936170212766,24.7446808510638,268.410256410256,243,11,4,13.6333333333333,15,32,2025,12,"décembre",4,338,49,4,"jeudi",5,FALSE,FALSE,FALSE,TRUE,FALSE,FALSE,-0.000000000000000244921270764475,1,-0.974927912181824,-0.222520933956315,-0.448229341740411,0.893918596519257,239,FALSE,4,21,FALSE,42,48,46,62,36.7142857142857,38.5,46.5,19.5509103429507,-4.08163265306122,9.28571428571428
2025-12-05,70,70,27.1428571428571,23.2857142857143,222.172413793103,158,14,13,15.4938095238095,18,52,2025,12,"décembre",5,339,49,4,"vendredi",6,FALSE,FALSE,TRUE,TRUE,FALSE,FALSE,-0.000000000000000244921270764475,1,-0.78183148246803,0.623489801858733,-0.432775592550432,0.901501684131884,240,FALSE,5,20,FALSE,46,37,88,68,41.4285714285714,37.2142857142857,46.5666666666667,23.2583830253176,86.8421052631579,28.5714285714286
2025-12-06,36,36,33.3333333333333,23.5555555555556,257.030303030303,203,9,9,13.9675925925926,7,29,2025,12,"décembre",6,340,49,4,"samedi",7,TRUE,FALSE,FALSE,FALSE,FALSE,FALSE,-0.000000000000000244921270764475,1,-0.000000000000000244921270764475,1,-0.417193602612317,0.908817637339503,241,FALSE,6,19,FALSE,70,24,41,57,43.1428571428571,36.8571428571429,45.8666666666667,22.1767789322418,48,-7.14285714285715
2025-12-07,0,0,NA,NA,NA,NA,0,0,NA,NA,NA,2025,12,"décembre",7,341,49,4,"dimanche",1,TRUE,FALSE,FALSE,FALSE,FALSE,FALSE,-0.000000000000000244921270764475,1,0.78183148246803,0.623489801858734,-0.401487989205974,0.915864288267287,242,FALSE,7,18,FALSE,36,0,0,65,43.1428571428571,36.8571428571429,43.7,22.1767789322418,0,-43.1428571428571
2025-12-08,21,21,19.047619047619,25.0952380952381,224.421052631579,146,7,5,14.4047619047619,4,17,2025,12,"décembre",8,342,49,4,"lundi",2,FALSE,TRUE,FALSE,FALSE,FALSE,FALSE,-0.000000000000000244921270764475,1,0.974927912181824,-0.222520933956314,-0.385663406243607,0.922639548840487,243,FALSE,8,17,FALSE,0,48,41,58,39.2857142857143,35.4285714285714,42.4666666666667,23.4997467058285,-55.1020408163265,-18.2857142857143
2025-12-09,27,27,18.5185185185185,23.7777777777778,96.1666666666667,76,12,2,12.2604938271605,13,14,2025,12,"décembre",9,343,49,4,"mardi",3,FALSE,FALSE,FALSE,FALSE,FALSE,FALSE,-0.000000000000000244921270764475,1,0.433883739117558,-0.900968867902419,-0.369724542890673,0.929141411403174,244,FALSE,9,16,FALSE,21,60,30,0,34.5714285714286,35.2142857142857,43.3666666666667,21.907815522146,-54.0983606557377,-7.57142857142857
